[
{
   "model": "contenttypes.contenttype",
   "pk": 1,
   "fields": {
      "app_label": "admin",
      "model": "logentry"
   }
},
{
   "model": "contenttypes.contenttype",
   "pk": 2,
   "fields": {
      "app_label": "auth",
      "model": "permission"
   }
},
{
   "model": "contenttypes.contenttype",
   "pk": 3,
   "fields": {
      "app_label": "auth",
      "model": "group"
   }
},
{
   "model": "contenttypes.contenttype",
   "pk": 4,
   "fields": {
      "app_label": "auth",
      "model": "user"
   }
},
{
   "model": "contenttypes.contenttype",
   "pk": 5,
   "fields": {
      "app_label": "contenttypes",
      "model": "contenttype"
   }
},
{
   "model": "contenttypes.contenttype",
   "pk": 6,
   "fields": {
      "app_label": "sessions",
      "model": "session"
   }
},
{
   "model": "contenttypes.contenttype",
   "pk": 7,
   "fields": {
      "app_label": "landing",
      "model": "subscriber"
   }
},
{
   "model": "contenttypes.contenttype",
   "pk": 8,
   "fields": {
      "app_label": "orders",
      "model": "order"
   }
},
{
   "model": "contenttypes.contenttype",
   "pk": 9,
   "fields": {
      "app_label": "orders",
      "model": "status"
   }
},
{
   "model": "contenttypes.contenttype",
   "pk": 10,
   "fields": {
      "app_label": "orders",
      "model": "productinorder"
   }
},
{
   "model": "contenttypes.contenttype",
   "pk": 11,
   "fields": {
      "app_label": "products",
      "model": "product"
   }
},
{
   "model": "contenttypes.contenttype",
   "pk": 12,
   "fields": {
      "app_label": "products",
      "model": "productimage"
   }
},
{
   "model": "contenttypes.contenttype",
   "pk": 13,
   "fields": {
      "app_label": "products",
      "model": "productcategory"
   }
},
{
   "model": "contenttypes.contenttype",
   "pk": 14,
   "fields": {
      "app_label": "orders",
      "model": "productinbasket"
   }
},
{
   "model": "sessions.session",
   "pk": "bpkhuaa7fl6miq37cvntd6h713m3l7xi",
   "fields": {
      "session_data": "YzA2ZTQxYzhiZDBjOTZiNWVhMjA3ZTg4ODQ1OTE3MjU1ZTNhZTMzOTp7Il9hdXRoX3VzZXJfaWQiOiIxIiwiX2F1dGhfdXNlcl9iYWNrZW5kIjoiZGphbmdvLmNvbnRyaWIuYXV0aC5iYWNrZW5kcy5Nb2RlbEJhY2tlbmQiLCJfYXV0aF91c2VyX2hhc2giOiJiY2Y0MzA4OTg2NzExNjFhNGE0OWQwZjY3YzM5MmQ1YzRhZjQzNzlhIn0=",
      "expire_date": "2020-06-04T16:57:35.468Z"
   }
},
{
   "model": "sessions.session",
   "pk": "kzvy82hhmd9ptkmhjxd8ghopkw2l1pgn",
   "fields": {
      "session_data": "YzA2ZTQxYzhiZDBjOTZiNWVhMjA3ZTg4ODQ1OTE3MjU1ZTNhZTMzOTp7Il9hdXRoX3VzZXJfaWQiOiIxIiwiX2F1dGhfdXNlcl9iYWNrZW5kIjoiZGphbmdvLmNvbnRyaWIuYXV0aC5iYWNrZW5kcy5Nb2RlbEJhY2tlbmQiLCJfYXV0aF91c2VyX2hhc2giOiJiY2Y0MzA4OTg2NzExNjFhNGE0OWQwZjY3YzM5MmQ1YzRhZjQzNzlhIn0=",
      "expire_date": "2020-06-05T18:19:42.998Z"
   }
},
{
   "model": "sessions.session",
   "pk": "lwuiercamjb88yz2txr7aulet333yovx",
   "fields": {
      "session_data": "YjdlNGU5ZjgyNDdiYmE4ZTVhMTQyMmI4NTcyODQxMDcwYWFmZDJiYzp7fQ==",
      "expire_date": "2020-06-07T08:02:26.813Z"
   }
},
{
   "model": "landing.subscriber",
   "pk": 1,
   "fields": {
      "email": "kostya.06.05.2017@gmail.com",
      "name": "KOstyan"
   }
},
{
   "model": "landing.subscriber",
   "pk": 2,
   "fields": {
      "email": "yawawin471@box4mls.com",
      "name": "Tom"
   }
},
{
   "model": "landing.subscriber",
   "pk": 3,
   "fields": {
      "email": "yawawin471@box4mls.com",
      "name": "Tom"
   }
},
{
   "model": "landing.subscriber",
   "pk": 4,
   "fields": {
      "email": "test@mail.ru",
      "name": "\u041d\u043e\u043c\u0435\u0440 1"
   }
},
{
   "model": "landing.subscriber",
   "pk": 5,
   "fields": {
      "email": "svetlanka.vin@mail.ru",
      "name": "Sveta"
   }
},
{
   "model": "orders.status",
   "pk": 4,
   "fields": {
      "name": "\u0422\u0435\u0441\u0442\u043e\u0432\u044b\u0439",
      "is_active": false,
      "created": "2020-05-22T10:04:44.002Z",
      "update": "2020-05-22T10:04:44.002Z"
   }
},
{
   "model": "orders.status",
   "pk": 5,
   "fields": {
      "name": "\u041d\u043e\u0432\u044b\u0439",
      "is_active": true,
      "created": "2020-05-22T12:01:34.737Z",
      "update": "2020-05-22T12:01:34.737Z"
   }
},
{
   "model": "orders.status",
   "pk": 6,
   "fields": {
      "name": "\u0412 \u0440\u0430\u0431\u043e\u0442\u0435",
      "is_active": true,
      "created": "2020-05-22T12:02:35.922Z",
      "update": "2020-05-22T12:02:35.922Z"
   }
},
{
   "model": "orders.status",
   "pk": 7,
   "fields": {
      "name": "\u0417\u0430\u0432\u0435\u0440\u0448\u0435\u043d",
      "is_active": true,
      "created": "2020-05-22T12:02:46.750Z",
      "update": "2020-05-22T12:02:46.750Z"
   }
},
{
   "model": "orders.status",
   "pk": 8,
   "fields": {
      "name": "\u041e\u0442\u043c\u0435\u043d\u0435\u043d",
      "is_active": true,
      "created": "2020-05-22T12:02:56.121Z",
      "update": "2020-05-22T12:02:56.121Z"
   }
},
{
   "model": "orders.productinorder",
   "pk": 11,
   "fields": {
      "order": 12,
      "product": 2,
      "number": 1,
      "price_per_item": "999.00",
      "total_price": "999.00",
      "is_active": true,
      "created": "2020-05-24T18:18:02.202Z",
      "update": "2020-05-24T18:18:02.202Z"
   }
},
{
   "model": "orders.productinorder",
   "pk": 12,
   "fields": {
      "order": 12,
      "product": 3,
      "number": 2,
      "price_per_item": "1990.00",
      "total_price": "3980.00",
      "is_active": true,
      "created": "2020-05-24T18:18:02.945Z",
      "update": "2020-05-24T18:18:02.945Z"
   }
},
{
   "model": "orders.productinbasket",
   "pk": 25,
   "fields": {
      "session_key": "kzvy82hhmd9ptkmhjxd8ghopkw2l1pgn",
      "order": null,
      "product": 2,
      "number": 1,
      "price_per_item": null,
      "total_price": null,
      "is_active": false,
      "created": "2020-05-24T18:03:58.700Z",
      "update": "2020-05-24T18:17:52.957Z"
   }
},
{
   "model": "orders.productinbasket",
   "pk": 26,
   "fields": {
      "session_key": "kzvy82hhmd9ptkmhjxd8ghopkw2l1pgn",
      "order": null,
      "product": 3,
      "number": 2,
      "price_per_item": null,
      "total_price": null,
      "is_active": false,
      "created": "2020-05-24T18:04:06.964Z",
      "update": "2020-05-24T18:17:48.366Z"
   }
},
{
   "model": "products.productcategory",
   "pk": 1,
   "fields": {
      "name": "\u0427\u0430\u0441\u044b \u043c\u0435\u0445\u0430\u043d\u0438\u0447\u0435\u0441\u043a\u0438\u0435",
      "is_active": true
   }
},
{
   "model": "products.productcategory",
   "pk": 2,
   "fields": {
      "name": "Apple watch",
      "is_active": true
   }
},
{
   "model": "products.productcategory",
   "pk": 3,
   "fields": {
      "name": "\u0426\u0438\u0444\u0440\u043e\u0432\u044b\u0435 \u0447\u0430\u0441\u044b",
      "is_active": true
   }
},
{
   "model": "products.productcategory",
   "pk": 4,
   "fields": {
      "name": "Xiaomi \u0447\u0430\u0441\u044b",
      "is_active": true
   }
},
{
   "model": "products.product",
   "pk": 1,
   "fields": {
      "name": "\u0422\u043e\u043f \u0421\u0442\u0438\u043b\u044c \u041c\u043e\u0434\u043d\u044b\u0435 \u0436\u0435\u043d\u0441\u043a\u0438\u0435 \u0447\u0430\u0441\u044b",
      "description": "\u0422\u043e\u043f \u0421\u0442\u0438\u043b\u044c \u041c\u043e\u0434\u043d\u044b\u0435 \u0436\u0435\u043d\u0441\u043a\u0438\u0435 \u0420\u043e\u0441\u043a\u043e\u0448\u043d\u044b\u0435 \u043a\u043e\u0436\u0430\u043d\u044b\u0439 \u0440\u0435\u043c\u0435\u0448\u043e\u043a \u0430\u043d\u0430\u043b\u043e\u0433\u043e\u0432\u044b\u0435 \u043a\u0432\u0430\u0440\u0446\u0435\u0432\u044b\u0435 \u043d\u0430\u0440\u0443\u0447\u043d\u044b\u0435 \u0447\u0430\u0441\u044b \u0437\u043e\u043b\u043e\u0442\u044b\u0435 \u0436\u0435\u043d\u0441\u043a\u0438\u0435 \u0447\u0430\u0441\u044b \u0416\u0435\u043d\u0441\u043a\u043e\u0435 \u043f\u043b\u0430\u0442\u044c\u0435 Reloj Mujer \u0447\u0435\u0440\u043d\u044b\u0435 \u0447\u0430\u0441\u044b",
      "short_description": "",
      "price": "505.00",
      "discount": 0,
      "category": 1,
      "is_active": true,
      "created": "2020-05-22T11:32:07.959Z",
      "update": "2020-05-23T10:01:43.004Z"
   }
},
{
   "model": "products.product",
   "pk": 2,
   "fields": {
      "name": "\u0427\u0430\u0441\u044b \u0436\u0435\u043d\u0441\u043a\u0438\u0435 S333ASM-01LM",
      "description": "\u041e\u043f\u0438\u0441\u0430\u043d\u0438\u0435 \u0411\u0440\u0435\u043d\u0434: SUNLIGHT \u0421\u0442\u0440\u0430\u043d\u0430 \u043f\u0440\u043e\u0438\u0437\u0432\u043e\u0434\u0441\u0442\u0432\u0430: \u0420\u043e\u0441\u0441\u0438\u044f \u041a\u043e\u043b\u043b\u0435\u043a\u0446\u0438\u044f: SUNLIGHT WATCH \u041c\u043e\u0434\u0435\u043b\u044c: S333ASM-01LM \u0422\u0438\u043f \u043f\u043e\u043a\u0440\u044b\u0442\u0438\u044f: IP \u041c\u0430\u0442\u0435\u0440\u0438\u0430\u043b \u043a\u043e\u0440\u043f\u0443\u0441\u0430: ALLOY ZAMAK-3 \u0421\u0442\u0435\u043a\u043b\u043e: \u041c\u0438\u043d\u0435\u0440\u0430\u043b\u044c\u043d\u043e\u0435 \u0414\u043b\u044f \u043a\u043e\u0433\u043e: \u0416\u0435\u043d\u0449\u0438\u043d\u0430\u043c \u0414\u0438\u0430\u043c\u0435\u0442\u0440: 33 \u043c\u043c \u0413\u0430\u0440\u0430\u043d\u0442\u0438\u044f: 6 \u043c\u0435\u0441\u044f\u0446\u0435\u0432 \u0424\u0443\u043d\u043a\u0446\u0438\u0438: \u0412\u0440\u0435\u043c\u044f , \u0421\u0435\u043a\u0443\u043d\u0434\u0430 \u0428\u0438\u0440\u0438\u043d\u0430 \u0440\u0435\u043c\u043d\u044f: 16 \u043c\u043c",
      "short_description": "",
      "price": "999.00",
      "discount": 10,
      "category": 1,
      "is_active": true,
      "created": "2020-05-22T15:13:37.246Z",
      "update": "2020-05-23T10:25:02.613Z"
   }
},
{
   "model": "products.product",
   "pk": 3,
   "fields": {
      "name": "\u0424\u0418\u0422\u041d\u0415\u0421-\u0411\u0420\u0410\u0421\u041b\u0415\u0422 XIAOMI MI BAND 4 (\u0427\u0415\u0420\u041d\u042b\u0419)",
      "description": "\u0424\u0438\u0442\u043d\u0435\u0441-\u0431\u0440\u0430\u0441\u043b\u0435\u0442 Xiaomi Mi Band 4 \u043e\u0441\u043d\u0430\u0449\u0435\u043d \u043d\u043e\u0432\u043e\u0439 6-\u043e\u0441\u0435\u0432\u043e\u0439 \u0441\u0438\u0441\u0442\u0435\u043c\u043e\u0439 \u0438\u0437\u043c\u0435\u0440\u0435\u043d\u0438\u044f \u0444\u0438\u0437\u0438\u0447\u0435\u0441\u043a\u043e\u0439 \u0434\u0435\u044f\u0442\u0435\u043b\u044c\u043d\u043e\u0441\u0442\u0438 \u043f\u043e\u043b\u044c\u0437\u043e\u0432\u0430\u0442\u0435\u043b\u044f. \u042d\u0442\u043e \u043e\u0431\u0435\u0441\u043f\u0435\u0447\u0438\u0432\u0430\u0435\u0442 \u0431\u043e\u043b\u0435\u0435 \u0442\u043e\u0447\u043d\u043e\u0435 \u043e\u043f\u0440\u0435\u0434\u0435\u043b\u0435\u043d\u0438\u0435 \u0447\u0438\u0441\u043b\u0430 \u0441\u043e\u0432\u0435\u0440\u0448\u0435\u043d\u043d\u044b\u0445 \u0432\u043b\u0430\u0434\u0435\u043b\u044c\u0446\u0435\u043c \u0443\u0441\u0442\u0440\u043e\u0439\u0441\u0442\u0432\u0430 \u0434\u0432\u0438\u0436\u0435\u043d\u0438\u0439.\u0423\u0441\u0442\u0440\u043e\u0439\u0441\u0442\u0432\u043e \u0441\u0447\u0438\u0442\u0430\u0435\u0442 \u043f\u0440\u043e\u0439\u0434\u0435\u043d\u043d\u0443\u044e \u0434\u0438\u0441\u0442\u0430\u043d\u0446\u0438\u044e, \u043a\u043e\u043b\u0438\u0447\u0435\u0441\u0442\u0432\u043e \u0441\u043e\u0436\u0436\u0435\u043d\u043d\u044b\u0445 \u043a\u0430\u043b\u043e\u0440\u0438\u0439, \u0440\u0438\u0442\u043c \u043f\u0443\u043b\u044c\u0441\u0430 \u0438 \u0442.\u0434. \u0417\u0430\u043d\u0438\u043c\u0430\u0435\u0442\u0435\u0441\u044c \u043b\u0438 \u0432\u044b \u0431\u0435\u0433\u043e\u043c \u0438\u043b\u0438 \u0440\u0430\u0431\u043e\u0442\u0430\u0435\u0442\u0435 \u0432 \u0442\u0440\u0435\u043d\u0430\u0436\u0435\u0440\u043d\u043e\u043c \u0437\u0430\u043b\u0435, \u0432\u044b\u0431\u0440\u0430\u0432 \u043d\u0443\u0436\u043d\u044b\u0439 \u0440\u0435\u0436\u0438\u043c \u0430\u043a\u0442\u0438\u0432\u043d\u043e\u0441\u0442\u0438, \u0432\u044b \u043f\u043e\u043b\u0443\u0447\u0438\u0442\u0435 \u0432\u0441\u044e \u043d\u0435\u043e\u0431\u0445\u043e\u0434\u0438\u043c\u0443\u044e \u0438\u043d\u0444\u043e\u0440\u043c\u0430\u0446\u0438\u044e \u043e \u0432\u0430\u0448\u0435\u043c \u043e\u0440\u0433\u0430\u043d\u0438\u0437\u043c\u0435.",
      "short_description": "",
      "price": "1990.00",
      "discount": 0,
      "category": 4,
      "is_active": true,
      "created": "2020-05-22T18:38:31.946Z",
      "update": "2020-05-23T10:02:46.394Z"
   }
},
{
   "model": "products.product",
   "pk": 4,
   "fields": {
      "name": "\u0424\u0418\u0422\u041d\u0415\u0421-\u0411\u0420\u0410\u0421\u041b\u0415\u0422 XIAOMI MI BAND 4 (BLUE / \u0421\u0418\u041d\u0418\u0419)",
      "description": "\u0424\u0438\u0442\u043d\u0435\u0441-\u0431\u0440\u0430\u0441\u043b\u0435\u0442 Xiaomi Mi Band 4 \u043e\u0441\u043d\u0430\u0449\u0435\u043d \u043d\u043e\u0432\u043e\u0439 6-\u043e\u0441\u0435\u0432\u043e\u0439 \u0441\u0438\u0441\u0442\u0435\u043c\u043e\u0439 \u0438\u0437\u043c\u0435\u0440\u0435\u043d\u0438\u044f \u0444\u0438\u0437\u0438\u0447\u0435\u0441\u043a\u043e\u0439 \u0434\u0435\u044f\u0442\u0435\u043b\u044c\u043d\u043e\u0441\u0442\u0438 \u043f\u043e\u043b\u044c\u0437\u043e\u0432\u0430\u0442\u0435\u043b\u044f. \u042d\u0442\u043e \u043e\u0431\u0435\u0441\u043f\u0435\u0447\u0438\u0432\u0430\u0435\u0442 \u0431\u043e\u043b\u0435\u0435 \u0442\u043e\u0447\u043d\u043e\u0435 \u043e\u043f\u0440\u0435\u0434\u0435\u043b\u0435\u043d\u0438\u0435 \u0447\u0438\u0441\u043b\u0430 \u0441\u043e\u0432\u0435\u0440\u0448\u0435\u043d\u043d\u044b\u0445 \u0432\u043b\u0430\u0434\u0435\u043b\u044c\u0446\u0435\u043c \u0443\u0441\u0442\u0440\u043e\u0439\u0441\u0442\u0432\u0430 \u0434\u0432\u0438\u0436\u0435\u043d\u0438\u0439.\u0423\u0441\u0442\u0440\u043e\u0439\u0441\u0442\u0432\u043e \u0441\u0447\u0438\u0442\u0430\u0435\u0442 \u043f\u0440\u043e\u0439\u0434\u0435\u043d\u043d\u0443\u044e \u0434\u0438\u0441\u0442\u0430\u043d\u0446\u0438\u044e, \u043a\u043e\u043b\u0438\u0447\u0435\u0441\u0442\u0432\u043e \u0441\u043e\u0436\u0436\u0435\u043d\u043d\u044b\u0445 \u043a\u0430\u043b\u043e\u0440\u0438\u0439, \u0440\u0438\u0442\u043c \u043f\u0443\u043b\u044c\u0441\u0430 \u0438 \u0442.\u0434. \u0417\u0430\u043d\u0438\u043c\u0430\u0435\u0442\u0435\u0441\u044c \u043b\u0438 \u0432\u044b \u0431\u0435\u0433\u043e\u043c \u0438\u043b\u0438 \u0440\u0430\u0431\u043e\u0442\u0430\u0435\u0442\u0435 \u0432 \u0442\u0440\u0435\u043d\u0430\u0436\u0435\u0440\u043d\u043e\u043c \u0437\u0430\u043b\u0435, \u0432\u044b\u0431\u0440\u0430\u0432 \u043d\u0443\u0436\u043d\u044b\u0439 \u0440\u0435\u0436\u0438\u043c \u0430\u043a\u0442\u0438\u0432\u043d\u043e\u0441\u0442\u0438, \u0432\u044b \u043f\u043e\u043b\u0443\u0447\u0438\u0442\u0435 \u0432\u0441\u044e \u043d\u0435\u043e\u0431\u0445\u043e\u0434\u0438\u043c\u0443\u044e \u0438\u043d\u0444\u043e\u0440\u043c\u0430\u0446\u0438\u044e \u043e \u0432\u0430\u0448\u0435\u043c \u043e\u0440\u0433\u0430\u043d\u0438\u0437\u043c\u0435.",
      "short_description": "",
      "price": "2090.00",
      "discount": 0,
      "category": 4,
      "is_active": true,
      "created": "2020-05-22T18:40:25.076Z",
      "update": "2020-05-23T10:02:58.963Z"
   }
},
{
   "model": "products.productimage",
   "pk": 2,
   "fields": {
      "product": 1,
      "image": "products/image/-.png",
      "is_main": true,
      "is_active": true,
      "created": "2020-05-22T11:37:02.865Z",
      "update": "2020-05-22T19:19:46.451Z"
   }
},
{
   "model": "products.productimage",
   "pk": 3,
   "fields": {
      "product": 1,
      "image": "products/image/chas2.jpg",
      "is_main": false,
      "is_active": true,
      "created": "2020-05-22T11:49:57.610Z",
      "update": "2020-05-22T11:49:57.610Z"
   }
},
{
   "model": "products.productimage",
   "pk": 4,
   "fields": {
      "product": 2,
      "image": "products/image/254ba810ad4e66092ca533fc8c0b2a6436c85e2f.jpg",
      "is_main": true,
      "is_active": true,
      "created": "2020-05-22T15:13:37.269Z",
      "update": "2020-05-22T19:19:37.948Z"
   }
},
{
   "model": "products.productimage",
   "pk": 5,
   "fields": {
      "product": 2,
      "image": "products/image/032de62ce1cea14f8f18a2a18dfdbf3be16f7862.jpg",
      "is_main": false,
      "is_active": true,
      "created": "2020-05-22T15:13:37.277Z",
      "update": "2020-05-22T15:13:37.277Z"
   }
},
{
   "model": "products.productimage",
   "pk": 6,
   "fields": {
      "product": 3,
      "image": "products/image/Mi-Band-4-kupit-spb-600x600.jpg",
      "is_main": true,
      "is_active": true,
      "created": "2020-05-22T18:38:32.004Z",
      "update": "2020-05-22T19:19:28.719Z"
   }
},
{
   "model": "products.productimage",
   "pk": 7,
   "fields": {
      "product": 3,
      "image": "products/image/Mi-Band-4-kupit-600x600.jpg",
      "is_main": false,
      "is_active": true,
      "created": "2020-05-22T18:38:32.032Z",
      "update": "2020-05-22T18:38:32.032Z"
   }
},
{
   "model": "products.productimage",
   "pk": 8,
   "fields": {
      "product": 3,
      "image": "products/image/Mi-Band-4-czena-600x600.jpg",
      "is_main": false,
      "is_active": true,
      "created": "2020-05-22T18:38:32.037Z",
      "update": "2020-05-22T18:38:32.038Z"
   }
},
{
   "model": "products.productimage",
   "pk": 9,
   "fields": {
      "product": 3,
      "image": "products/image/Mi-Band-4-spb-600x600.jpg",
      "is_main": false,
      "is_active": true,
      "created": "2020-05-22T18:38:32.042Z",
      "update": "2020-05-22T18:38:32.042Z"
   }
},
{
   "model": "products.productimage",
   "pk": 10,
   "fields": {
      "product": 3,
      "image": "products/image/Mi-Band-4-spb-kupit-deshevo-600x600.jpg",
      "is_main": false,
      "is_active": true,
      "created": "2020-05-22T18:38:32.047Z",
      "update": "2020-05-22T18:38:32.047Z"
   }
},
{
   "model": "products.productimage",
   "pk": 11,
   "fields": {
      "product": 3,
      "image": "products/image/fitnes-braslet-xiaomi-mi-band-4-kupit-v-spb-2-1-600x600.jpg",
      "is_main": false,
      "is_active": true,
      "created": "2020-05-22T18:38:32.051Z",
      "update": "2020-05-22T18:38:32.051Z"
   }
},
{
   "model": "products.productimage",
   "pk": 12,
   "fields": {
      "product": 4,
      "image": "products/image/Mi-Band-4-purple-spb-kupit-600x600.jpg",
      "is_main": true,
      "is_active": true,
      "created": "2020-05-22T18:40:25.091Z",
      "update": "2020-05-22T19:19:19.135Z"
   }
},
{
   "model": "products.productimage",
   "pk": 13,
   "fields": {
      "product": 4,
      "image": "products/image/Mi-band-4-purple-kupit-v-spb-600x600.jpg",
      "is_main": false,
      "is_active": true,
      "created": "2020-05-22T18:40:25.099Z",
      "update": "2020-05-22T18:40:25.099Z"
   }
},
{
   "model": "auth.permission",
   "pk": 1,
   "fields": {
      "name": "Can add log entry",
      "content_type": 1,
      "codename": "add_logentry"
   }
},
{
   "model": "auth.permission",
   "pk": 2,
   "fields": {
      "name": "Can change log entry",
      "content_type": 1,
      "codename": "change_logentry"
   }
},
{
   "model": "auth.permission",
   "pk": 3,
   "fields": {
      "name": "Can delete log entry",
      "content_type": 1,
      "codename": "delete_logentry"
   }
},
{
   "model": "auth.permission",
   "pk": 4,
   "fields": {
      "name": "Can view log entry",
      "content_type": 1,
      "codename": "view_logentry"
   }
},
{
   "model": "auth.permission",
   "pk": 5,
   "fields": {
      "name": "Can add permission",
      "content_type": 2,
      "codename": "add_permission"
   }
},
{
   "model": "auth.permission",
   "pk": 6,
   "fields": {
      "name": "Can change permission",
      "content_type": 2,
      "codename": "change_permission"
   }
},
{
   "model": "auth.permission",
   "pk": 7,
   "fields": {
      "name": "Can delete permission",
      "content_type": 2,
      "codename": "delete_permission"
   }
},
{
   "model": "auth.permission",
   "pk": 8,
   "fields": {
      "name": "Can view permission",
      "content_type": 2,
      "codename": "view_permission"
   }
},
{
   "model": "auth.permission",
   "pk": 9,
   "fields": {
      "name": "Can add group",
      "content_type": 3,
      "codename": "add_group"
   }
},
{
   "model": "auth.permission",
   "pk": 10,
   "fields": {
      "name": "Can change group",
      "content_type": 3,
      "codename": "change_group"
   }
},
{
   "model": "auth.permission",
   "pk": 11,
   "fields": {
      "name": "Can delete group",
      "content_type": 3,
      "codename": "delete_group"
   }
},
{
   "model": "auth.permission",
   "pk": 12,
   "fields": {
      "name": "Can view group",
      "content_type": 3,
      "codename": "view_group"
   }
},
{
   "model": "auth.permission",
   "pk": 13,
   "fields": {
      "name": "Can add user",
      "content_type": 4,
      "codename": "add_user"
   }
},
{
   "model": "auth.permission",
   "pk": 14,
   "fields": {
      "name": "Can change user",
      "content_type": 4,
      "codename": "change_user"
   }
},
{
   "model": "auth.permission",
   "pk": 15,
   "fields": {
      "name": "Can delete user",
      "content_type": 4,
      "codename": "delete_user"
   }
},
{
   "model": "auth.permission",
   "pk": 16,
   "fields": {
      "name": "Can view user",
      "content_type": 4,
      "codename": "view_user"
   }
},
{
   "model": "auth.permission",
   "pk": 17,
   "fields": {
      "name": "Can add content type",
      "content_type": 5,
      "codename": "add_contenttype"
   }
},
{
   "model": "auth.permission",
   "pk": 18,
   "fields": {
      "name": "Can change content type",
      "content_type": 5,
      "codename": "change_contenttype"
   }
},
{
   "model": "auth.permission",
   "pk": 19,
   "fields": {
      "name": "Can delete content type",
      "content_type": 5,
      "codename": "delete_contenttype"
   }
},
{
   "model": "auth.permission",
   "pk": 20,
   "fields": {
      "name": "Can view content type",
      "content_type": 5,
      "codename": "view_contenttype"
   }
},
{
   "model": "auth.permission",
   "pk": 21,
   "fields": {
      "name": "Can add session",
      "content_type": 6,
      "codename": "add_session"
   }
},
{
   "model": "auth.permission",
   "pk": 22,
   "fields": {
      "name": "Can change session",
      "content_type": 6,
      "codename": "change_session"
   }
},
{
   "model": "auth.permission",
   "pk": 23,
   "fields": {
      "name": "Can delete session",
      "content_type": 6,
      "codename": "delete_session"
   }
},
{
   "model": "auth.permission",
   "pk": 24,
   "fields": {
      "name": "Can view session",
      "content_type": 6,
      "codename": "view_session"
   }
},
{
   "model": "auth.permission",
   "pk": 25,
   "fields": {
      "name": "Can add subscribers",
      "content_type": 7,
      "codename": "add_subscribers"
   }
},
{
   "model": "auth.permission",
   "pk": 26,
   "fields": {
      "name": "Can change subscribers",
      "content_type": 7,
      "codename": "change_subscribers"
   }
},
{
   "model": "auth.permission",
   "pk": 27,
   "fields": {
      "name": "Can delete subscribers",
      "content_type": 7,
      "codename": "delete_subscribers"
   }
},
{
   "model": "auth.permission",
   "pk": 28,
   "fields": {
      "name": "Can view subscribers",
      "content_type": 7,
      "codename": "view_subscribers"
   }
},
{
   "model": "auth.permission",
   "pk": 29,
   "fields": {
      "name": "Can add subscriber",
      "content_type": 7,
      "codename": "add_subscriber"
   }
},
{
   "model": "auth.permission",
   "pk": 30,
   "fields": {
      "name": "Can change subscriber",
      "content_type": 7,
      "codename": "change_subscriber"
   }
},
{
   "model": "auth.permission",
   "pk": 31,
   "fields": {
      "name": "Can delete subscriber",
      "content_type": 7,
      "codename": "delete_subscriber"
   }
},
{
   "model": "auth.permission",
   "pk": 32,
   "fields": {
      "name": "Can view subscriber",
      "content_type": 7,
      "codename": "view_subscriber"
   }
},
{
   "model": "auth.permission",
   "pk": 33,
   "fields": {
      "name": "Can add \u0417\u0430\u043a\u0430\u0437",
      "content_type": 8,
      "codename": "add_order"
   }
},
{
   "model": "auth.permission",
   "pk": 34,
   "fields": {
      "name": "Can change \u0417\u0430\u043a\u0430\u0437",
      "content_type": 8,
      "codename": "change_order"
   }
},
{
   "model": "auth.permission",
   "pk": 35,
   "fields": {
      "name": "Can delete \u0417\u0430\u043a\u0430\u0437",
      "content_type": 8,
      "codename": "delete_order"
   }
},
{
   "model": "auth.permission",
   "pk": 36,
   "fields": {
      "name": "Can view \u0417\u0430\u043a\u0430\u0437",
      "content_type": 8,
      "codename": "view_order"
   }
},
{
   "model": "auth.permission",
   "pk": 37,
   "fields": {
      "name": "Can add \u0421\u0442\u0430\u0442\u0443\u0441 \u0437\u0430\u043a\u0430\u0437\u0430",
      "content_type": 9,
      "codename": "add_status"
   }
},
{
   "model": "auth.permission",
   "pk": 38,
   "fields": {
      "name": "Can change \u0421\u0442\u0430\u0442\u0443\u0441 \u0437\u0430\u043a\u0430\u0437\u0430",
      "content_type": 9,
      "codename": "change_status"
   }
},
{
   "model": "auth.permission",
   "pk": 39,
   "fields": {
      "name": "Can delete \u0421\u0442\u0430\u0442\u0443\u0441 \u0437\u0430\u043a\u0430\u0437\u0430",
      "content_type": 9,
      "codename": "delete_status"
   }
},
{
   "model": "auth.permission",
   "pk": 40,
   "fields": {
      "name": "Can view \u0421\u0442\u0430\u0442\u0443\u0441 \u0437\u0430\u043a\u0430\u0437\u0430",
      "content_type": 9,
      "codename": "view_status"
   }
},
{
   "model": "auth.permission",
   "pk": 41,
   "fields": {
      "name": "Can add \u0422\u043e\u0432\u0430\u0440",
      "content_type": 10,
      "codename": "add_productinorder"
   }
},
{
   "model": "auth.permission",
   "pk": 42,
   "fields": {
      "name": "Can change \u0422\u043e\u0432\u0430\u0440",
      "content_type": 10,
      "codename": "change_productinorder"
   }
},
{
   "model": "auth.permission",
   "pk": 43,
   "fields": {
      "name": "Can delete \u0422\u043e\u0432\u0430\u0440",
      "content_type": 10,
      "codename": "delete_productinorder"
   }
},
{
   "model": "auth.permission",
   "pk": 44,
   "fields": {
      "name": "Can view \u0422\u043e\u0432\u0430\u0440",
      "content_type": 10,
      "codename": "view_productinorder"
   }
},
{
   "model": "auth.permission",
   "pk": 45,
   "fields": {
      "name": "Can add \u0422\u043e\u0432\u0430\u0440",
      "content_type": 11,
      "codename": "add_product"
   }
},
{
   "model": "auth.permission",
   "pk": 46,
   "fields": {
      "name": "Can change \u0422\u043e\u0432\u0430\u0440",
      "content_type": 11,
      "codename": "change_product"
   }
},
{
   "model": "auth.permission",
   "pk": 47,
   "fields": {
      "name": "Can delete \u0422\u043e\u0432\u0430\u0440",
      "content_type": 11,
      "codename": "delete_product"
   }
},
{
   "model": "auth.permission",
   "pk": 48,
   "fields": {
      "name": "Can view \u0422\u043e\u0432\u0430\u0440",
      "content_type": 11,
      "codename": "view_product"
   }
},
{
   "model": "auth.permission",
   "pk": 49,
   "fields": {
      "name": "Can add \u0424\u043e\u0442\u043e\u0433\u0440\u0430\u0444\u0438\u044f",
      "content_type": 12,
      "codename": "add_productimage"
   }
},
{
   "model": "auth.permission",
   "pk": 50,
   "fields": {
      "name": "Can change \u0424\u043e\u0442\u043e\u0433\u0440\u0430\u0444\u0438\u044f",
      "content_type": 12,
      "codename": "change_productimage"
   }
},
{
   "model": "auth.permission",
   "pk": 51,
   "fields": {
      "name": "Can delete \u0424\u043e\u0442\u043e\u0433\u0440\u0430\u0444\u0438\u044f",
      "content_type": 12,
      "codename": "delete_productimage"
   }
},
{
   "model": "auth.permission",
   "pk": 52,
   "fields": {
      "name": "Can view \u0424\u043e\u0442\u043e\u0433\u0440\u0430\u0444\u0438\u044f",
      "content_type": 12,
      "codename": "view_productimage"
   }
},
{
   "model": "auth.permission",
   "pk": 53,
   "fields": {
      "name": "Can add \u041a\u0430\u0442\u0435\u0433\u043e\u0440\u0438\u044f \u0442\u043e\u0432\u0430\u0440\u0430",
      "content_type": 13,
      "codename": "add_productcategory"
   }
},
{
   "model": "auth.permission",
   "pk": 54,
   "fields": {
      "name": "Can change \u041a\u0430\u0442\u0435\u0433\u043e\u0440\u0438\u044f \u0442\u043e\u0432\u0430\u0440\u0430",
      "content_type": 13,
      "codename": "change_productcategory"
   }
},
{
   "model": "auth.permission",
   "pk": 55,
   "fields": {
      "name": "Can delete \u041a\u0430\u0442\u0435\u0433\u043e\u0440\u0438\u044f \u0442\u043e\u0432\u0430\u0440\u0430",
      "content_type": 13,
      "codename": "delete_productcategory"
   }
},
{
   "model": "auth.permission",
   "pk": 56,
   "fields": {
      "name": "Can view \u041a\u0430\u0442\u0435\u0433\u043e\u0440\u0438\u044f \u0442\u043e\u0432\u0430\u0440\u0430",
      "content_type": 13,
      "codename": "view_productcategory"
   }
},
{
   "model": "auth.permission",
   "pk": 57,
   "fields": {
      "name": "Can add \u0422\u043e\u0432\u0430\u0440 \u0432 \u0437\u0430\u043a\u0430\u0437\u0435",
      "content_type": 14,
      "codename": "add_productinbasket"
   }
},
{
   "model": "auth.permission",
   "pk": 58,
   "fields": {
      "name": "Can change \u0422\u043e\u0432\u0430\u0440 \u0432 \u0437\u0430\u043a\u0430\u0437\u0435",
      "content_type": 14,
      "codename": "change_productinbasket"
   }
},
{
   "model": "auth.permission",
   "pk": 59,
   "fields": {
      "name": "Can delete \u0422\u043e\u0432\u0430\u0440 \u0432 \u0437\u0430\u043a\u0430\u0437\u0435",
      "content_type": 14,
      "codename": "delete_productinbasket"
   }
},
{
   "model": "auth.permission",
   "pk": 60,
   "fields": {
      "name": "Can view \u0422\u043e\u0432\u0430\u0440 \u0432 \u0437\u0430\u043a\u0430\u0437\u0435",
      "content_type": 14,
      "codename": "view_productinbasket"
   }
},
{
   "model": "auth.user",
   "pk": 1,
   "fields": {
      "password": "pbkdf2_sha256$180000$OBWZRc4V2DIK$gGRx1cNXRGX3/K44+tTRAaPU7+OvA3sWC8mfw3/0NHQ=",
      "last_login": "2020-05-22T18:19:42.737Z",
      "is_superuser": true,
      "username": "admin",
      "first_name": "",
      "last_name": "",
      "email": "",
      "is_staff": true,
      "is_active": true,
      "date_joined": "2020-05-21T16:57:19.006Z",
      "groups": [],
      "user_permissions": []
   }
},
{
   "model": "auth.user",
   "pk": 2,
   "fields": {
      "password": "",
      "last_login": null,
      "is_superuser": false,
      "username": "+79999999999",
      "first_name": "testname",
      "last_name": "",
      "email": "",
      "is_staff": false,
      "is_active": true,
      "date_joined": "2020-05-24T17:43:27.311Z",
      "groups": [],
      "user_permissions": []
   }
},
{
   "model": "auth.user",
   "pk": 3,
   "fields": {
      "password": "",
      "last_login": null,
      "is_superuser": false,
      "username": "+12345",
      "first_name": "test_name",
      "last_name": "",
      "email": "",
      "is_staff": false,
      "is_active": true,
      "date_joined": "2020-05-24T17:50:14.330Z",
      "groups": [],
      "user_permissions": []
   }
},
{
   "model": "auth.user",
   "pk": 4,
   "fields": {
      "password": "",
      "last_login": null,
      "is_superuser": false,
      "username": "1234",
      "first_name": "dsfdsf",
      "last_name": "",
      "email": "",
      "is_staff": false,
      "is_active": true,
      "date_joined": "2020-05-24T17:51:20.572Z",
      "groups": [],
      "user_permissions": []
   }
},
{
   "model": "auth.user",
   "pk": 5,
   "fields": {
      "password": "",
      "last_login": null,
      "is_superuser": false,
      "username": "23424",
      "first_name": "rdfgdfg",
      "last_name": "",
      "email": "",
      "is_staff": false,
      "is_active": true,
      "date_joined": "2020-05-24T17:54:11.264Z",
      "groups": [],
      "user_permissions": []
   }
},
{
   "model": "auth.user",
   "pk": 6,
   "fields": {
      "password": "",
      "last_login": null,
      "is_superuser": false,
      "username": "3252352",
      "first_name": "fdsfsdf",
      "last_name": "",
      "email": "",
      "is_staff": false,
      "is_active": true,
      "date_joined": "2020-05-24T18:01:17.683Z",
      "groups": [],
      "user_permissions": []
   }
},
{
   "model": "auth.user",
   "pk": 7,
   "fields": {
      "password": "",
      "last_login": null,
      "is_superuser": false,
      "username": "5245345",
      "first_name": "dsfdsfsd",
      "last_name": "",
      "email": "",
      "is_staff": false,
      "is_active": true,
      "date_joined": "2020-05-24T18:02:30.887Z",
      "groups": [],
      "user_permissions": []
   }
},
{
   "model": "auth.user",
   "pk": 8,
   "fields": {
      "password": "",
      "last_login": null,
      "is_superuser": false,
      "username": "12345",
      "first_name": "Kostya viiiiin",
      "last_name": "",
      "email": "",
      "is_staff": false,
      "is_active": true,
      "date_joined": "2020-05-24T18:04:24.878Z",
      "groups": [],
      "user_permissions": []
   }
},
{
   "model": "orders.order",
   "pk": 12,
   "fields": {
      "user": 8,
      "customer_name": "Kostya viiiiin",
      "customer_email": null,
      "customer_phone": "12345",
      "total_price": "4979.00",
      "customer_adress": "",
      "comments": null,
      "status": 5,
      "created": "2020-05-24T18:18:01.874Z",
      "update": "2020-05-24T18:18:03.106Z"
   }
},
{
   "model": "admin.logentry",
   "pk": 1,
   "fields": {
      "action_time": "2020-05-21T17:29:59.315Z",
      "user": 1,
      "content_type": 7,
      "object_id": "1",
      "object_repr": "Subscribers object (1)",
      "action_flag": 1,
      "change_message": "[{\"added\": {}}]"
   }
},
{
   "model": "admin.logentry",
   "pk": 2,
   "fields": {
      "action_time": "2020-05-22T10:04:16.950Z",
      "user": 1,
      "content_type": 9,
      "object_id": "1",
      "object_repr": "\u0410\u043a\u0442\u0438\u0432\u043d\u044b\u0439",
      "action_flag": 1,
      "change_message": "[{\"added\": {}}]"
   }
},
{
   "model": "admin.logentry",
   "pk": 3,
   "fields": {
      "action_time": "2020-05-22T10:04:25.384Z",
      "user": 1,
      "content_type": 9,
      "object_id": "2",
      "object_repr": "\u041d\u0435 \u0430\u043a\u0442\u0438\u0432\u043d\u044b\u0439",
      "action_flag": 1,
      "change_message": "[{\"added\": {}}]"
   }
},
{
   "model": "admin.logentry",
   "pk": 4,
   "fields": {
      "action_time": "2020-05-22T10:04:33.787Z",
      "user": 1,
      "content_type": 9,
      "object_id": "3",
      "object_repr": "\u041f\u0443\u0441\u0442\u043e\u0439",
      "action_flag": 1,
      "change_message": "[{\"added\": {}}]"
   }
},
{
   "model": "admin.logentry",
   "pk": 5,
   "fields": {
      "action_time": "2020-05-22T10:04:45.582Z",
      "user": 1,
      "content_type": 9,
      "object_id": "4",
      "object_repr": "\u0422\u0435\u0441\u0442\u043e\u0432\u044b\u0439",
      "action_flag": 1,
      "change_message": "[{\"added\": {}}]"
   }
},
{
   "model": "admin.logentry",
   "pk": 6,
   "fields": {
      "action_time": "2020-05-22T10:07:29.949Z",
      "user": 1,
      "content_type": 8,
      "object_id": "1",
      "object_repr": "\u0417\u0430\u043a\u0430\u0437 1 \u0410\u043a\u0442\u0438\u0432\u043d\u044b\u0439",
      "action_flag": 1,
      "change_message": "[{\"added\": {}}]"
   }
},
{
   "model": "admin.logentry",
   "pk": 7,
   "fields": {
      "action_time": "2020-05-22T11:32:08.077Z",
      "user": 1,
      "content_type": 11,
      "object_id": "1",
      "object_repr": "\u0422\u043e\u043f \u0421\u0442\u0438\u043b\u044c \u041c\u043e\u0434\u043d\u044b\u0435 \u0436\u0435\u043d\u0441\u043a\u0438\u0435 \u0447\u0430\u0441\u044b",
      "action_flag": 1,
      "change_message": "[{\"added\": {}}]"
   }
},
{
   "model": "admin.logentry",
   "pk": 8,
   "fields": {
      "action_time": "2020-05-22T11:33:34.920Z",
      "user": 1,
      "content_type": 12,
      "object_id": "1",
      "object_repr": "\u0422\u043e\u043f \u0421\u0442\u0438\u043b\u044c \u041c\u043e\u0434\u043d\u044b\u0435 \u0436\u0435\u043d\u0441\u043a\u0438\u0435 \u0447\u0430\u0441\u044b",
      "action_flag": 1,
      "change_message": "[{\"added\": {}}]"
   }
},
{
   "model": "admin.logentry",
   "pk": 9,
   "fields": {
      "action_time": "2020-05-22T11:36:39.051Z",
      "user": 1,
      "content_type": 12,
      "object_id": "1",
      "object_repr": "\u0422\u043e\u043f \u0421\u0442\u0438\u043b\u044c \u041c\u043e\u0434\u043d\u044b\u0435 \u0436\u0435\u043d\u0441\u043a\u0438\u0435 \u0447\u0430\u0441\u044b",
      "action_flag": 3,
      "change_message": ""
   }
},
{
   "model": "admin.logentry",
   "pk": 10,
   "fields": {
      "action_time": "2020-05-22T11:37:02.870Z",
      "user": 1,
      "content_type": 12,
      "object_id": "2",
      "object_repr": "\u0422\u043e\u043f \u0421\u0442\u0438\u043b\u044c \u041c\u043e\u0434\u043d\u044b\u0435 \u0436\u0435\u043d\u0441\u043a\u0438\u0435 \u0447\u0430\u0441\u044b",
      "action_flag": 1,
      "change_message": "[{\"added\": {}}]"
   }
},
{
   "model": "admin.logentry",
   "pk": 11,
   "fields": {
      "action_time": "2020-05-22T11:49:57.666Z",
      "user": 1,
      "content_type": 12,
      "object_id": "3",
      "object_repr": "\u0422\u043e\u043f \u0421\u0442\u0438\u043b\u044c \u041c\u043e\u0434\u043d\u044b\u0435 \u0436\u0435\u043d\u0441\u043a\u0438\u0435 \u0447\u0430\u0441\u044b",
      "action_flag": 1,
      "change_message": "[{\"added\": {}}]"
   }
},
{
   "model": "admin.logentry",
   "pk": 12,
   "fields": {
      "action_time": "2020-05-22T12:01:34.767Z",
      "user": 1,
      "content_type": 9,
      "object_id": "5",
      "object_repr": "\u041d\u043e\u0432\u044b\u0439",
      "action_flag": 1,
      "change_message": "[{\"added\": {}}]"
   }
},
{
   "model": "admin.logentry",
   "pk": 13,
   "fields": {
      "action_time": "2020-05-22T12:01:56.299Z",
      "user": 1,
      "content_type": 8,
      "object_id": "2",
      "object_repr": "\u0417\u0430\u043a\u0430\u0437 2 \u0410\u043a\u0442\u0438\u0432\u043d\u044b\u0439",
      "action_flag": 1,
      "change_message": "[{\"added\": {}}]"
   }
},
{
   "model": "admin.logentry",
   "pk": 14,
   "fields": {
      "action_time": "2020-05-22T12:02:04.672Z",
      "user": 1,
      "content_type": 9,
      "object_id": "1",
      "object_repr": "\u0410\u043a\u0442\u0438\u0432\u043d\u044b\u0439",
      "action_flag": 3,
      "change_message": ""
   }
},
{
   "model": "admin.logentry",
   "pk": 15,
   "fields": {
      "action_time": "2020-05-22T12:02:10.555Z",
      "user": 1,
      "content_type": 9,
      "object_id": "2",
      "object_repr": "\u041d\u0435 \u0430\u043a\u0442\u0438\u0432\u043d\u044b\u0439",
      "action_flag": 3,
      "change_message": ""
   }
},
{
   "model": "admin.logentry",
   "pk": 16,
   "fields": {
      "action_time": "2020-05-22T12:02:25.042Z",
      "user": 1,
      "content_type": 9,
      "object_id": "3",
      "object_repr": "\u041f\u0443\u0441\u0442\u043e\u0439",
      "action_flag": 3,
      "change_message": ""
   }
},
{
   "model": "admin.logentry",
   "pk": 17,
   "fields": {
      "action_time": "2020-05-22T12:02:36.033Z",
      "user": 1,
      "content_type": 9,
      "object_id": "6",
      "object_repr": "\u0412 \u0440\u0430\u0431\u043e\u0442\u0435",
      "action_flag": 1,
      "change_message": "[{\"added\": {}}]"
   }
},
{
   "model": "admin.logentry",
   "pk": 18,
   "fields": {
      "action_time": "2020-05-22T12:02:46.754Z",
      "user": 1,
      "content_type": 9,
      "object_id": "7",
      "object_repr": "\u0417\u0430\u0432\u0435\u0440\u0448\u0435\u043d",
      "action_flag": 1,
      "change_message": "[{\"added\": {}}]"
   }
},
{
   "model": "admin.logentry",
   "pk": 19,
   "fields": {
      "action_time": "2020-05-22T12:02:56.125Z",
      "user": 1,
      "content_type": 9,
      "object_id": "8",
      "object_repr": "\u041e\u0442\u043c\u0435\u043d\u0435\u043d",
      "action_flag": 1,
      "change_message": "[{\"added\": {}}]"
   }
},
{
   "model": "admin.logentry",
   "pk": 20,
   "fields": {
      "action_time": "2020-05-22T12:05:44.899Z",
      "user": 1,
      "content_type": 8,
      "object_id": "2",
      "object_repr": "\u0417\u0430\u043a\u0430\u0437 2 \u041d\u043e\u0432\u044b\u0439",
      "action_flag": 2,
      "change_message": "[{\"changed\": {\"fields\": [\"\\u0421\\u0442\\u0430\\u0442\\u0443\\u0441\"]}}]"
   }
},
{
   "model": "admin.logentry",
   "pk": 21,
   "fields": {
      "action_time": "2020-05-22T12:09:24.042Z",
      "user": 1,
      "content_type": 10,
      "object_id": "1",
      "object_repr": "\u0422\u043e\u043f \u0421\u0442\u0438\u043b\u044c \u041c\u043e\u0434\u043d\u044b\u0435 \u0436\u0435\u043d\u0441\u043a\u0438\u0435 \u0447\u0430\u0441\u044b",
      "action_flag": 1,
      "change_message": "[{\"added\": {}}]"
   }
},
{
   "model": "admin.logentry",
   "pk": 22,
   "fields": {
      "action_time": "2020-05-22T12:33:24.570Z",
      "user": 1,
      "content_type": 8,
      "object_id": "2",
      "object_repr": "\u0417\u0430\u043a\u0430\u0437 2 \u041d\u043e\u0432\u044b\u0439",
      "action_flag": 2,
      "change_message": "[{\"changed\": {\"name\": \"\\u0422\\u043e\\u0432\\u0430\\u0440\", \"object\": \"\\u0422\\u043e\\u043f \\u0421\\u0442\\u0438\\u043b\\u044c \\u041c\\u043e\\u0434\\u043d\\u044b\\u0435 \\u0436\\u0435\\u043d\\u0441\\u043a\\u0438\\u0435 \\u0447\\u0430\\u0441\\u044b\", \"fields\": [\"\\u041a\\u043e\\u043b\\u0438\\u0447\\u0435\\u0441\\u0442\\u0432\\u043e\", \"\\u0426\\u0435\\u043d\\u0430 \\u043f\\u0440\\u043e\\u0434\\u0430\\u0436\\u0438\", \"\\u0421\\u0443\\u043c\\u043c\\u0430\"]}}]"
   }
},
{
   "model": "admin.logentry",
   "pk": 23,
   "fields": {
      "action_time": "2020-05-22T12:33:39.435Z",
      "user": 1,
      "content_type": 8,
      "object_id": "2",
      "object_repr": "\u0417\u0430\u043a\u0430\u0437 2 \u041d\u043e\u0432\u044b\u0439",
      "action_flag": 2,
      "change_message": "[{\"changed\": {\"fields\": [\"\\u0421\\u0443\\u043c\\u043c\\u0430\"]}}]"
   }
},
{
   "model": "admin.logentry",
   "pk": 24,
   "fields": {
      "action_time": "2020-05-22T14:30:27.198Z",
      "user": 1,
      "content_type": 8,
      "object_id": "2",
      "object_repr": "\u0417\u0430\u043a\u0430\u0437 2 \u041d\u043e\u0432\u044b\u0439",
      "action_flag": 2,
      "change_message": "[{\"changed\": {\"name\": \"\\u0422\\u043e\\u0432\\u0430\\u0440 \\u0432 \\u0437\\u0430\\u043a\\u0430\\u0437\\u0435\", \"object\": \"\\u0422\\u043e\\u043f \\u0421\\u0442\\u0438\\u043b\\u044c \\u041c\\u043e\\u0434\\u043d\\u044b\\u0435 \\u0436\\u0435\\u043d\\u0441\\u043a\\u0438\\u0435 \\u0447\\u0430\\u0441\\u044b\", \"fields\": [\"\\u041a\\u043e\\u043b\\u0438\\u0447\\u0435\\u0441\\u0442\\u0432\\u043e\"]}}]"
   }
},
{
   "model": "admin.logentry",
   "pk": 25,
   "fields": {
      "action_time": "2020-05-22T14:30:52.080Z",
      "user": 1,
      "content_type": 8,
      "object_id": "2",
      "object_repr": "\u0417\u0430\u043a\u0430\u0437 2 \u041d\u043e\u0432\u044b\u0439",
      "action_flag": 2,
      "change_message": "[{\"changed\": {\"fields\": [\"\\u0421\\u0443\\u043c\\u043c\\u0430 \\u0432\\u0441\\u0435\\u0433\\u043e \\u0437\\u0430\\u043a\\u0430\\u0437\\u0430\"]}}]"
   }
},
{
   "model": "admin.logentry",
   "pk": 26,
   "fields": {
      "action_time": "2020-05-22T14:31:05.620Z",
      "user": 1,
      "content_type": 8,
      "object_id": "2",
      "object_repr": "\u0417\u0430\u043a\u0430\u0437 2 \u041d\u043e\u0432\u044b\u0439",
      "action_flag": 2,
      "change_message": "[{\"changed\": {\"name\": \"\\u0422\\u043e\\u0432\\u0430\\u0440 \\u0432 \\u0437\\u0430\\u043a\\u0430\\u0437\\u0435\", \"object\": \"\\u0422\\u043e\\u043f \\u0421\\u0442\\u0438\\u043b\\u044c \\u041c\\u043e\\u0434\\u043d\\u044b\\u0435 \\u0436\\u0435\\u043d\\u0441\\u043a\\u0438\\u0435 \\u0447\\u0430\\u0441\\u044b\", \"fields\": [\"\\u041a\\u043e\\u043b\\u0438\\u0447\\u0435\\u0441\\u0442\\u0432\\u043e\", \"\\u0426\\u0435\\u043d\\u0430 \\u043f\\u0440\\u043e\\u0434\\u0430\\u0436\\u0438\", \"\\u0421\\u0443\\u043c\\u043c\\u0430 \\u043f\\u043e\\u0437\\u0438\\u0446\\u0438\\u0438\"]}}]"
   }
},
{
   "model": "admin.logentry",
   "pk": 27,
   "fields": {
      "action_time": "2020-05-22T14:31:17.261Z",
      "user": 1,
      "content_type": 8,
      "object_id": "2",
      "object_repr": "\u0417\u0430\u043a\u0430\u0437 2 \u041d\u043e\u0432\u044b\u0439",
      "action_flag": 2,
      "change_message": "[{\"changed\": {\"name\": \"\\u0422\\u043e\\u0432\\u0430\\u0440 \\u0432 \\u0437\\u0430\\u043a\\u0430\\u0437\\u0435\", \"object\": \"\\u0422\\u043e\\u043f \\u0421\\u0442\\u0438\\u043b\\u044c \\u041c\\u043e\\u0434\\u043d\\u044b\\u0435 \\u0436\\u0435\\u043d\\u0441\\u043a\\u0438\\u0435 \\u0447\\u0430\\u0441\\u044b\", \"fields\": [\"\\u0421\\u0443\\u043c\\u043c\\u0430 \\u043f\\u043e\\u0437\\u0438\\u0446\\u0438\\u0438\"]}}]"
   }
},
{
   "model": "admin.logentry",
   "pk": 28,
   "fields": {
      "action_time": "2020-05-22T14:33:12.709Z",
      "user": 1,
      "content_type": 8,
      "object_id": "2",
      "object_repr": "\u0417\u0430\u043a\u0430\u0437 2 \u041d\u043e\u0432\u044b\u0439",
      "action_flag": 2,
      "change_message": "[{\"changed\": {\"name\": \"\\u0422\\u043e\\u0432\\u0430\\u0440 \\u0432 \\u0437\\u0430\\u043a\\u0430\\u0437\\u0435\", \"object\": \"\\u0422\\u043e\\u043f \\u0421\\u0442\\u0438\\u043b\\u044c \\u041c\\u043e\\u0434\\u043d\\u044b\\u0435 \\u0436\\u0435\\u043d\\u0441\\u043a\\u0438\\u0435 \\u0447\\u0430\\u0441\\u044b\", \"fields\": [\"\\u0421\\u0443\\u043c\\u043c\\u0430 \\u043f\\u043e\\u0437\\u0438\\u0446\\u0438\\u0438\"]}}]"
   }
},
{
   "model": "admin.logentry",
   "pk": 29,
   "fields": {
      "action_time": "2020-05-22T14:33:55.199Z",
      "user": 1,
      "content_type": 10,
      "object_id": "1",
      "object_repr": "\u0422\u043e\u043f \u0421\u0442\u0438\u043b\u044c \u041c\u043e\u0434\u043d\u044b\u0435 \u0436\u0435\u043d\u0441\u043a\u0438\u0435 \u0447\u0430\u0441\u044b",
      "action_flag": 2,
      "change_message": "[{\"changed\": {\"fields\": [\"\\u041a\\u043e\\u043b\\u0438\\u0447\\u0435\\u0441\\u0442\\u0432\\u043e\"]}}]"
   }
},
{
   "model": "admin.logentry",
   "pk": 30,
   "fields": {
      "action_time": "2020-05-22T14:35:11.870Z",
      "user": 1,
      "content_type": 11,
      "object_id": "1",
      "object_repr": "\u0422\u043e\u043f \u0421\u0442\u0438\u043b\u044c \u041c\u043e\u0434\u043d\u044b\u0435 \u0436\u0435\u043d\u0441\u043a\u0438\u0435 \u0447\u0430\u0441\u044b",
      "action_flag": 2,
      "change_message": "[{\"changed\": {\"fields\": [\"\\u0426\\u0435\\u043d\\u0430 \\u043f\\u0440\\u043e\\u0434\\u0430\\u0436\\u0438\"]}}]"
   }
},
{
   "model": "admin.logentry",
   "pk": 31,
   "fields": {
      "action_time": "2020-05-22T14:35:53.095Z",
      "user": 1,
      "content_type": 10,
      "object_id": "1",
      "object_repr": "\u0422\u043e\u043f \u0421\u0442\u0438\u043b\u044c \u041c\u043e\u0434\u043d\u044b\u0435 \u0436\u0435\u043d\u0441\u043a\u0438\u0435 \u0447\u0430\u0441\u044b",
      "action_flag": 2,
      "change_message": "[]"
   }
},
{
   "model": "admin.logentry",
   "pk": 32,
   "fields": {
      "action_time": "2020-05-22T14:36:17.273Z",
      "user": 1,
      "content_type": 10,
      "object_id": "1",
      "object_repr": "\u0422\u043e\u043f \u0421\u0442\u0438\u043b\u044c \u041c\u043e\u0434\u043d\u044b\u0435 \u0436\u0435\u043d\u0441\u043a\u0438\u0435 \u0447\u0430\u0441\u044b",
      "action_flag": 2,
      "change_message": "[{\"changed\": {\"fields\": [\"\\u041a\\u043e\\u043b\\u0438\\u0447\\u0435\\u0441\\u0442\\u0432\\u043e\"]}}]"
   }
},
{
   "model": "admin.logentry",
   "pk": 33,
   "fields": {
      "action_time": "2020-05-22T14:36:35.226Z",
      "user": 1,
      "content_type": 10,
      "object_id": "1",
      "object_repr": "\u0422\u043e\u043f \u0421\u0442\u0438\u043b\u044c \u041c\u043e\u0434\u043d\u044b\u0435 \u0436\u0435\u043d\u0441\u043a\u0438\u0435 \u0447\u0430\u0441\u044b",
      "action_flag": 2,
      "change_message": "[{\"changed\": {\"fields\": [\"\\u041a\\u043e\\u043b\\u0438\\u0447\\u0435\\u0441\\u0442\\u0432\\u043e\"]}}]"
   }
},
{
   "model": "admin.logentry",
   "pk": 34,
   "fields": {
      "action_time": "2020-05-22T14:37:47.743Z",
      "user": 1,
      "content_type": 10,
      "object_id": "1",
      "object_repr": "\u0422\u043e\u043f \u0421\u0442\u0438\u043b\u044c \u041c\u043e\u0434\u043d\u044b\u0435 \u0436\u0435\u043d\u0441\u043a\u0438\u0435 \u0447\u0430\u0441\u044b",
      "action_flag": 2,
      "change_message": "[]"
   }
},
{
   "model": "admin.logentry",
   "pk": 35,
   "fields": {
      "action_time": "2020-05-22T14:41:37.156Z",
      "user": 1,
      "content_type": 10,
      "object_id": "1",
      "object_repr": "\u0422\u043e\u043f \u0421\u0442\u0438\u043b\u044c \u041c\u043e\u0434\u043d\u044b\u0435 \u0436\u0435\u043d\u0441\u043a\u0438\u0435 \u0447\u0430\u0441\u044b",
      "action_flag": 2,
      "change_message": "[]"
   }
},
{
   "model": "admin.logentry",
   "pk": 36,
   "fields": {
      "action_time": "2020-05-22T14:46:33.566Z",
      "user": 1,
      "content_type": 8,
      "object_id": "3",
      "object_repr": "\u0417\u0430\u043a\u0430\u0437 3 \u041d\u043e\u0432\u044b\u0439",
      "action_flag": 1,
      "change_message": "[{\"added\": {}}, {\"added\": {\"name\": \"\\u0422\\u043e\\u0432\\u0430\\u0440 \\u0432 \\u0437\\u0430\\u043a\\u0430\\u0437\\u0435\", \"object\": \"\\u0422\\u043e\\u043f \\u0421\\u0442\\u0438\\u043b\\u044c \\u041c\\u043e\\u0434\\u043d\\u044b\\u0435 \\u0436\\u0435\\u043d\\u0441\\u043a\\u0438\\u0435 \\u0447\\u0430\\u0441\\u044b\"}}]"
   }
},
{
   "model": "admin.logentry",
   "pk": 37,
   "fields": {
      "action_time": "2020-05-22T14:49:20.670Z",
      "user": 1,
      "content_type": 10,
      "object_id": "2",
      "object_repr": "\u0422\u043e\u043f \u0421\u0442\u0438\u043b\u044c \u041c\u043e\u0434\u043d\u044b\u0435 \u0436\u0435\u043d\u0441\u043a\u0438\u0435 \u0447\u0430\u0441\u044b",
      "action_flag": 2,
      "change_message": "[{\"changed\": {\"fields\": [\"\\u041a\\u043e\\u043b\\u0438\\u0447\\u0435\\u0441\\u0442\\u0432\\u043e\"]}}]"
   }
},
{
   "model": "admin.logentry",
   "pk": 38,
   "fields": {
      "action_time": "2020-05-22T14:49:30.479Z",
      "user": 1,
      "content_type": 10,
      "object_id": "1",
      "object_repr": "\u0422\u043e\u043f \u0421\u0442\u0438\u043b\u044c \u041c\u043e\u0434\u043d\u044b\u0435 \u0436\u0435\u043d\u0441\u043a\u0438\u0435 \u0447\u0430\u0441\u044b",
      "action_flag": 2,
      "change_message": "[{\"changed\": {\"fields\": [\"\\u041a\\u043e\\u043b\\u0438\\u0447\\u0435\\u0441\\u0442\\u0432\\u043e\"]}}]"
   }
},
{
   "model": "admin.logentry",
   "pk": 39,
   "fields": {
      "action_time": "2020-05-22T14:50:31.033Z",
      "user": 1,
      "content_type": 11,
      "object_id": "1",
      "object_repr": "\u0422\u043e\u043f \u0421\u0442\u0438\u043b\u044c \u041c\u043e\u0434\u043d\u044b\u0435 \u0436\u0435\u043d\u0441\u043a\u0438\u0435 \u0447\u0430\u0441\u044b",
      "action_flag": 2,
      "change_message": "[]"
   }
},
{
   "model": "admin.logentry",
   "pk": 40,
   "fields": {
      "action_time": "2020-05-22T14:59:40.981Z",
      "user": 1,
      "content_type": 10,
      "object_id": "2",
      "object_repr": "\u0422\u043e\u043f \u0421\u0442\u0438\u043b\u044c \u041c\u043e\u0434\u043d\u044b\u0435 \u0436\u0435\u043d\u0441\u043a\u0438\u0435 \u0447\u0430\u0441\u044b",
      "action_flag": 2,
      "change_message": "[]"
   }
},
{
   "model": "admin.logentry",
   "pk": 41,
   "fields": {
      "action_time": "2020-05-22T14:59:50.216Z",
      "user": 1,
      "content_type": 10,
      "object_id": "1",
      "object_repr": "\u0422\u043e\u043f \u0421\u0442\u0438\u043b\u044c \u041c\u043e\u0434\u043d\u044b\u0435 \u0436\u0435\u043d\u0441\u043a\u0438\u0435 \u0447\u0430\u0441\u044b",
      "action_flag": 2,
      "change_message": "[]"
   }
},
{
   "model": "admin.logentry",
   "pk": 42,
   "fields": {
      "action_time": "2020-05-22T15:00:22.906Z",
      "user": 1,
      "content_type": 8,
      "object_id": "3",
      "object_repr": "\u0417\u0430\u043a\u0430\u0437 3 \u041d\u043e\u0432\u044b\u0439",
      "action_flag": 2,
      "change_message": "[{\"changed\": {\"name\": \"\\u0422\\u043e\\u0432\\u0430\\u0440 \\u0432 \\u0437\\u0430\\u043a\\u0430\\u0437\\u0435\", \"object\": \"\\u0422\\u043e\\u043f \\u0421\\u0442\\u0438\\u043b\\u044c \\u041c\\u043e\\u0434\\u043d\\u044b\\u0435 \\u0436\\u0435\\u043d\\u0441\\u043a\\u0438\\u0435 \\u0447\\u0430\\u0441\\u044b\", \"fields\": [\"\\u0426\\u0435\\u043d\\u0430 \\u043f\\u0440\\u043e\\u0434\\u0430\\u0436\\u0438\"]}}]"
   }
},
{
   "model": "admin.logentry",
   "pk": 43,
   "fields": {
      "action_time": "2020-05-22T15:01:11.644Z",
      "user": 1,
      "content_type": 8,
      "object_id": "2",
      "object_repr": "\u0417\u0430\u043a\u0430\u0437 2 \u041d\u043e\u0432\u044b\u0439",
      "action_flag": 2,
      "change_message": "[{\"changed\": {\"fields\": [\"\\u0421\\u0443\\u043c\\u043c\\u0430 \\u0432\\u0441\\u0435\\u0433\\u043e \\u0437\\u0430\\u043a\\u0430\\u0437\\u0430\"]}}]"
   }
},
{
   "model": "admin.logentry",
   "pk": 44,
   "fields": {
      "action_time": "2020-05-22T15:02:32.701Z",
      "user": 1,
      "content_type": 8,
      "object_id": "2",
      "object_repr": "\u0417\u0430\u043a\u0430\u0437 2 \u041d\u043e\u0432\u044b\u0439",
      "action_flag": 2,
      "change_message": "[{\"changed\": {\"name\": \"\\u0422\\u043e\\u0432\\u0430\\u0440 \\u0432 \\u0437\\u0430\\u043a\\u0430\\u0437\\u0435\", \"object\": \"\\u0422\\u043e\\u043f \\u0421\\u0442\\u0438\\u043b\\u044c \\u041c\\u043e\\u0434\\u043d\\u044b\\u0435 \\u0436\\u0435\\u043d\\u0441\\u043a\\u0438\\u0435 \\u0447\\u0430\\u0441\\u044b\", \"fields\": [\"\\u0421\\u0443\\u043c\\u043c\\u0430 \\u043f\\u043e\\u0437\\u0438\\u0446\\u0438\\u0438\"]}}]"
   }
},
{
   "model": "admin.logentry",
   "pk": 45,
   "fields": {
      "action_time": "2020-05-22T15:02:41.466Z",
      "user": 1,
      "content_type": 8,
      "object_id": "2",
      "object_repr": "\u0417\u0430\u043a\u0430\u0437 2 \u041d\u043e\u0432\u044b\u0439",
      "action_flag": 2,
      "change_message": "[{\"changed\": {\"fields\": [\"\\u0421\\u0443\\u043c\\u043c\\u0430 \\u0432\\u0441\\u0435\\u0433\\u043e \\u0437\\u0430\\u043a\\u0430\\u0437\\u0430\"]}}]"
   }
},
{
   "model": "admin.logentry",
   "pk": 46,
   "fields": {
      "action_time": "2020-05-22T15:06:50.607Z",
      "user": 1,
      "content_type": 8,
      "object_id": "2",
      "object_repr": "\u0417\u0430\u043a\u0430\u0437 2 \u041d\u043e\u0432\u044b\u0439",
      "action_flag": 2,
      "change_message": "[]"
   }
},
{
   "model": "admin.logentry",
   "pk": 47,
   "fields": {
      "action_time": "2020-05-22T15:07:28.840Z",
      "user": 1,
      "content_type": 8,
      "object_id": "2",
      "object_repr": "\u0417\u0430\u043a\u0430\u0437 2 \u041d\u043e\u0432\u044b\u0439",
      "action_flag": 2,
      "change_message": "[{\"changed\": {\"fields\": [\"\\u0421\\u0443\\u043c\\u043c\\u0430 \\u0432\\u0441\\u0435\\u0433\\u043e \\u0437\\u0430\\u043a\\u0430\\u0437\\u0430\"]}}, {\"changed\": {\"name\": \"\\u0422\\u043e\\u0432\\u0430\\u0440 \\u0432 \\u0437\\u0430\\u043a\\u0430\\u0437\\u0435\", \"object\": \"\\u0422\\u043e\\u043f \\u0421\\u0442\\u0438\\u043b\\u044c \\u041c\\u043e\\u0434\\u043d\\u044b\\u0435 \\u0436\\u0435\\u043d\\u0441\\u043a\\u0438\\u0435 \\u0447\\u0430\\u0441\\u044b\", \"fields\": [\"\\u0421\\u0443\\u043c\\u043c\\u0430 \\u043f\\u043e\\u0437\\u0438\\u0446\\u0438\\u0438\"]}}]"
   }
},
{
   "model": "admin.logentry",
   "pk": 48,
   "fields": {
      "action_time": "2020-05-22T15:08:19.205Z",
      "user": 1,
      "content_type": 8,
      "object_id": "2",
      "object_repr": "\u0417\u0430\u043a\u0430\u0437 2 \u041d\u043e\u0432\u044b\u0439",
      "action_flag": 2,
      "change_message": "[{\"changed\": {\"fields\": [\"\\u0421\\u0443\\u043c\\u043c\\u0430 \\u0432\\u0441\\u0435\\u0433\\u043e \\u0437\\u0430\\u043a\\u0430\\u0437\\u0430\"]}}, {\"changed\": {\"name\": \"\\u0422\\u043e\\u0432\\u0430\\u0440 \\u0432 \\u0437\\u0430\\u043a\\u0430\\u0437\\u0435\", \"object\": \"\\u0422\\u043e\\u043f \\u0421\\u0442\\u0438\\u043b\\u044c \\u041c\\u043e\\u0434\\u043d\\u044b\\u0435 \\u0436\\u0435\\u043d\\u0441\\u043a\\u0438\\u0435 \\u0447\\u0430\\u0441\\u044b\", \"fields\": [\"\\u0421\\u0443\\u043c\\u043c\\u0430 \\u043f\\u043e\\u0437\\u0438\\u0446\\u0438\\u0438\"]}}]"
   }
},
{
   "model": "admin.logentry",
   "pk": 49,
   "fields": {
      "action_time": "2020-05-22T15:08:36.581Z",
      "user": 1,
      "content_type": 11,
      "object_id": "1",
      "object_repr": "\u0422\u043e\u043f \u0421\u0442\u0438\u043b\u044c \u041c\u043e\u0434\u043d\u044b\u0435 \u0436\u0435\u043d\u0441\u043a\u0438\u0435 \u0447\u0430\u0441\u044b",
      "action_flag": 2,
      "change_message": "[{\"changed\": {\"fields\": [\"\\u0426\\u0435\\u043d\\u0430 \\u043f\\u0440\\u043e\\u0434\\u0430\\u0436\\u0438\"]}}]"
   }
},
{
   "model": "admin.logentry",
   "pk": 50,
   "fields": {
      "action_time": "2020-05-22T15:09:04.339Z",
      "user": 1,
      "content_type": 8,
      "object_id": "1",
      "object_repr": "\u0417\u0430\u043a\u0430\u0437 1 \u041d\u043e\u0432\u044b\u0439",
      "action_flag": 2,
      "change_message": "[{\"changed\": {\"fields\": [\"\\u0421\\u0443\\u043c\\u043c\\u0430 \\u0432\\u0441\\u0435\\u0433\\u043e \\u0437\\u0430\\u043a\\u0430\\u0437\\u0430\", \"\\u0421\\u0442\\u0430\\u0442\\u0443\\u0441\"]}}, {\"added\": {\"name\": \"\\u0422\\u043e\\u0432\\u0430\\u0440 \\u0432 \\u0437\\u0430\\u043a\\u0430\\u0437\\u0435\", \"object\": \"\\u0422\\u043e\\u043f \\u0421\\u0442\\u0438\\u043b\\u044c \\u041c\\u043e\\u0434\\u043d\\u044b\\u0435 \\u0436\\u0435\\u043d\\u0441\\u043a\\u0438\\u0435 \\u0447\\u0430\\u0441\\u044b\"}}]"
   }
},
{
   "model": "admin.logentry",
   "pk": 51,
   "fields": {
      "action_time": "2020-05-22T15:13:37.279Z",
      "user": 1,
      "content_type": 11,
      "object_id": "2",
      "object_repr": "\u0427\u0430\u0441\u044b \u0436\u0435\u043d\u0441\u043a\u0438\u0435 S333ASM-01LM",
      "action_flag": 1,
      "change_message": "[{\"added\": {}}, {\"added\": {\"name\": \"\\u0424\\u043e\\u0442\\u043e\\u0433\\u0440\\u0430\\u0444\\u0438\\u044f\", \"object\": \"\\u0427\\u0430\\u0441\\u044b \\u0436\\u0435\\u043d\\u0441\\u043a\\u0438\\u0435 S333ASM-01LM\"}}, {\"added\": {\"name\": \"\\u0424\\u043e\\u0442\\u043e\\u0433\\u0440\\u0430\\u0444\\u0438\\u044f\", \"object\": \"\\u0427\\u0430\\u0441\\u044b \\u0436\\u0435\\u043d\\u0441\\u043a\\u0438\\u0435 S333ASM-01LM\"}}]"
   }
},
{
   "model": "admin.logentry",
   "pk": 52,
   "fields": {
      "action_time": "2020-05-22T15:14:01.596Z",
      "user": 1,
      "content_type": 8,
      "object_id": "1",
      "object_repr": "\u0417\u0430\u043a\u0430\u0437 1 \u041d\u043e\u0432\u044b\u0439",
      "action_flag": 2,
      "change_message": "[{\"added\": {\"name\": \"\\u0422\\u043e\\u0432\\u0430\\u0440 \\u0432 \\u0437\\u0430\\u043a\\u0430\\u0437\\u0435\", \"object\": \"\\u0427\\u0430\\u0441\\u044b \\u0436\\u0435\\u043d\\u0441\\u043a\\u0438\\u0435 S333ASM-01LM\"}}]"
   }
},
{
   "model": "admin.logentry",
   "pk": 53,
   "fields": {
      "action_time": "2020-05-22T15:16:58.179Z",
      "user": 1,
      "content_type": 8,
      "object_id": "1",
      "object_repr": "\u0417\u0430\u043a\u0430\u0437 1 \u041d\u043e\u0432\u044b\u0439",
      "action_flag": 2,
      "change_message": "[{\"changed\": {\"name\": \"\\u0422\\u043e\\u0432\\u0430\\u0440 \\u0432 \\u0437\\u0430\\u043a\\u0430\\u0437\\u0435\", \"object\": \"\\u0427\\u0430\\u0441\\u044b \\u0436\\u0435\\u043d\\u0441\\u043a\\u0438\\u0435 S333ASM-01LM\", \"fields\": [\"\\u041a\\u043e\\u043b\\u0438\\u0447\\u0435\\u0441\\u0442\\u0432\\u043e\"]}}]"
   }
},
{
   "model": "admin.logentry",
   "pk": 54,
   "fields": {
      "action_time": "2020-05-22T18:38:32.055Z",
      "user": 1,
      "content_type": 11,
      "object_id": "3",
      "object_repr": "\u0424\u0418\u0422\u041d\u0415\u0421-\u0411\u0420\u0410\u0421\u041b\u0415\u0422 XIAOMI MI BAND 4 (\u0427\u0415\u0420\u041d\u042b\u0419)",
      "action_flag": 1,
      "change_message": "[{\"added\": {}}, {\"added\": {\"name\": \"\\u0424\\u043e\\u0442\\u043e\\u0433\\u0440\\u0430\\u0444\\u0438\\u044f\", \"object\": \"\\u0424\\u0418\\u0422\\u041d\\u0415\\u0421-\\u0411\\u0420\\u0410\\u0421\\u041b\\u0415\\u0422 XIAOMI MI BAND 4 (\\u0427\\u0415\\u0420\\u041d\\u042b\\u0419)\"}}, {\"added\": {\"name\": \"\\u0424\\u043e\\u0442\\u043e\\u0433\\u0440\\u0430\\u0444\\u0438\\u044f\", \"object\": \"\\u0424\\u0418\\u0422\\u041d\\u0415\\u0421-\\u0411\\u0420\\u0410\\u0421\\u041b\\u0415\\u0422 XIAOMI MI BAND 4 (\\u0427\\u0415\\u0420\\u041d\\u042b\\u0419)\"}}, {\"added\": {\"name\": \"\\u0424\\u043e\\u0442\\u043e\\u0433\\u0440\\u0430\\u0444\\u0438\\u044f\", \"object\": \"\\u0424\\u0418\\u0422\\u041d\\u0415\\u0421-\\u0411\\u0420\\u0410\\u0421\\u041b\\u0415\\u0422 XIAOMI MI BAND 4 (\\u0427\\u0415\\u0420\\u041d\\u042b\\u0419)\"}}, {\"added\": {\"name\": \"\\u0424\\u043e\\u0442\\u043e\\u0433\\u0440\\u0430\\u0444\\u0438\\u044f\", \"object\": \"\\u0424\\u0418\\u0422\\u041d\\u0415\\u0421-\\u0411\\u0420\\u0410\\u0421\\u041b\\u0415\\u0422 XIAOMI MI BAND 4 (\\u0427\\u0415\\u0420\\u041d\\u042b\\u0419)\"}}, {\"added\": {\"name\": \"\\u0424\\u043e\\u0442\\u043e\\u0433\\u0440\\u0430\\u0444\\u0438\\u044f\", \"object\": \"\\u0424\\u0418\\u0422\\u041d\\u0415\\u0421-\\u0411\\u0420\\u0410\\u0421\\u041b\\u0415\\u0422 XIAOMI MI BAND 4 (\\u0427\\u0415\\u0420\\u041d\\u042b\\u0419)\"}}, {\"added\": {\"name\": \"\\u0424\\u043e\\u0442\\u043e\\u0433\\u0440\\u0430\\u0444\\u0438\\u044f\", \"object\": \"\\u0424\\u0418\\u0422\\u041d\\u0415\\u0421-\\u0411\\u0420\\u0410\\u0421\\u041b\\u0415\\u0422 XIAOMI MI BAND 4 (\\u0427\\u0415\\u0420\\u041d\\u042b\\u0419)\"}}]"
   }
},
{
   "model": "admin.logentry",
   "pk": 55,
   "fields": {
      "action_time": "2020-05-22T18:40:25.102Z",
      "user": 1,
      "content_type": 11,
      "object_id": "4",
      "object_repr": "\u0424\u0418\u0422\u041d\u0415\u0421-\u0411\u0420\u0410\u0421\u041b\u0415\u0422 XIAOMI MI BAND 4 (BLUE / \u0421\u0418\u041d\u0418\u0419)",
      "action_flag": 1,
      "change_message": "[{\"added\": {}}, {\"added\": {\"name\": \"\\u0424\\u043e\\u0442\\u043e\\u0433\\u0440\\u0430\\u0444\\u0438\\u044f\", \"object\": \"\\u0424\\u0418\\u0422\\u041d\\u0415\\u0421-\\u0411\\u0420\\u0410\\u0421\\u041b\\u0415\\u0422 XIAOMI MI BAND 4 (BLUE / \\u0421\\u0418\\u041d\\u0418\\u0419)\"}}, {\"added\": {\"name\": \"\\u0424\\u043e\\u0442\\u043e\\u0433\\u0440\\u0430\\u0444\\u0438\\u044f\", \"object\": \"\\u0424\\u0418\\u0422\\u041d\\u0415\\u0421-\\u0411\\u0420\\u0410\\u0421\\u041b\\u0415\\u0422 XIAOMI MI BAND 4 (BLUE / \\u0421\\u0418\\u041d\\u0418\\u0419)\"}}]"
   }
},
{
   "model": "admin.logentry",
   "pk": 56,
   "fields": {
      "action_time": "2020-05-22T19:19:19.144Z",
      "user": 1,
      "content_type": 12,
      "object_id": "12",
      "object_repr": "\u0424\u0418\u0422\u041d\u0415\u0421-\u0411\u0420\u0410\u0421\u041b\u0415\u0422 XIAOMI MI BAND 4 (BLUE / \u0421\u0418\u041d\u0418\u0419)",
      "action_flag": 2,
      "change_message": "[{\"changed\": {\"fields\": [\"\\u0413\\u043b\\u0430\\u0432\\u043d\\u0430\\u044f\"]}}]"
   }
},
{
   "model": "admin.logentry",
   "pk": 57,
   "fields": {
      "action_time": "2020-05-22T19:19:28.723Z",
      "user": 1,
      "content_type": 12,
      "object_id": "6",
      "object_repr": "\u0424\u0418\u0422\u041d\u0415\u0421-\u0411\u0420\u0410\u0421\u041b\u0415\u0422 XIAOMI MI BAND 4 (\u0427\u0415\u0420\u041d\u042b\u0419)",
      "action_flag": 2,
      "change_message": "[{\"changed\": {\"fields\": [\"\\u0413\\u043b\\u0430\\u0432\\u043d\\u0430\\u044f\"]}}]"
   }
},
{
   "model": "admin.logentry",
   "pk": 58,
   "fields": {
      "action_time": "2020-05-22T19:19:37.952Z",
      "user": 1,
      "content_type": 12,
      "object_id": "4",
      "object_repr": "\u0427\u0430\u0441\u044b \u0436\u0435\u043d\u0441\u043a\u0438\u0435 S333ASM-01LM",
      "action_flag": 2,
      "change_message": "[{\"changed\": {\"fields\": [\"\\u0413\\u043b\\u0430\\u0432\\u043d\\u0430\\u044f\"]}}]"
   }
},
{
   "model": "admin.logentry",
   "pk": 59,
   "fields": {
      "action_time": "2020-05-22T19:19:46.456Z",
      "user": 1,
      "content_type": 12,
      "object_id": "2",
      "object_repr": "\u0422\u043e\u043f \u0421\u0442\u0438\u043b\u044c \u041c\u043e\u0434\u043d\u044b\u0435 \u0436\u0435\u043d\u0441\u043a\u0438\u0435 \u0447\u0430\u0441\u044b",
      "action_flag": 2,
      "change_message": "[{\"changed\": {\"fields\": [\"\\u0413\\u043b\\u0430\\u0432\\u043d\\u0430\\u044f\"]}}]"
   }
},
{
   "model": "admin.logentry",
   "pk": 60,
   "fields": {
      "action_time": "2020-05-23T09:27:31.495Z",
      "user": 1,
      "content_type": 13,
      "object_id": "1",
      "object_repr": "\u0427\u0430\u0441\u044b \u043c\u0435\u0445\u0430\u043d\u0438\u0447\u0435\u0441\u043a\u0438\u0435",
      "action_flag": 1,
      "change_message": "[{\"added\": {}}]"
   }
},
{
   "model": "admin.logentry",
   "pk": 61,
   "fields": {
      "action_time": "2020-05-23T09:27:59.209Z",
      "user": 1,
      "content_type": 13,
      "object_id": "2",
      "object_repr": "apple watch",
      "action_flag": 1,
      "change_message": "[{\"added\": {}}]"
   }
},
{
   "model": "admin.logentry",
   "pk": 62,
   "fields": {
      "action_time": "2020-05-23T09:28:08.212Z",
      "user": 1,
      "content_type": 13,
      "object_id": "2",
      "object_repr": "Apple watch",
      "action_flag": 2,
      "change_message": "[{\"changed\": {\"fields\": [\"\\u041d\\u0430\\u0432\\u0437\\u0430\\u043d\\u0438\\u0435\"]}}]"
   }
},
{
   "model": "admin.logentry",
   "pk": 63,
   "fields": {
      "action_time": "2020-05-23T09:28:19.301Z",
      "user": 1,
      "content_type": 13,
      "object_id": "3",
      "object_repr": "\u0426\u0438\u0444\u0440\u043e\u0432\u044b\u0435 \u0447\u0430\u0441\u044b",
      "action_flag": 1,
      "change_message": "[{\"added\": {}}]"
   }
},
{
   "model": "admin.logentry",
   "pk": 64,
   "fields": {
      "action_time": "2020-05-23T10:01:43.041Z",
      "user": 1,
      "content_type": 11,
      "object_id": "1",
      "object_repr": "\u0422\u043e\u043f \u0421\u0442\u0438\u043b\u044c \u041c\u043e\u0434\u043d\u044b\u0435 \u0436\u0435\u043d\u0441\u043a\u0438\u0435 \u0447\u0430\u0441\u044b",
      "action_flag": 2,
      "change_message": "[{\"changed\": {\"fields\": [\"\\u041a\\u0430\\u0442\\u0435\\u0433\\u043e\\u0440\\u0438\\u044f\"]}}]"
   }
},
{
   "model": "admin.logentry",
   "pk": 65,
   "fields": {
      "action_time": "2020-05-23T10:01:55.227Z",
      "user": 1,
      "content_type": 11,
      "object_id": "2",
      "object_repr": "\u0427\u0430\u0441\u044b \u0436\u0435\u043d\u0441\u043a\u0438\u0435 S333ASM-01LM",
      "action_flag": 2,
      "change_message": "[{\"changed\": {\"fields\": [\"\\u041a\\u0430\\u0442\\u0435\\u0433\\u043e\\u0440\\u0438\\u044f\"]}}]"
   }
},
{
   "model": "admin.logentry",
   "pk": 66,
   "fields": {
      "action_time": "2020-05-23T10:02:37.212Z",
      "user": 1,
      "content_type": 13,
      "object_id": "4",
      "object_repr": "Xiaomi \u0447\u0430\u0441\u044b",
      "action_flag": 1,
      "change_message": "[{\"added\": {}}]"
   }
},
{
   "model": "admin.logentry",
   "pk": 67,
   "fields": {
      "action_time": "2020-05-23T10:02:46.399Z",
      "user": 1,
      "content_type": 11,
      "object_id": "3",
      "object_repr": "\u0424\u0418\u0422\u041d\u0415\u0421-\u0411\u0420\u0410\u0421\u041b\u0415\u0422 XIAOMI MI BAND 4 (\u0427\u0415\u0420\u041d\u042b\u0419)",
      "action_flag": 2,
      "change_message": "[{\"changed\": {\"fields\": [\"\\u041a\\u0430\\u0442\\u0435\\u0433\\u043e\\u0440\\u0438\\u044f\"]}}]"
   }
},
{
   "model": "admin.logentry",
   "pk": 68,
   "fields": {
      "action_time": "2020-05-23T10:02:59.153Z",
      "user": 1,
      "content_type": 11,
      "object_id": "4",
      "object_repr": "\u0424\u0418\u0422\u041d\u0415\u0421-\u0411\u0420\u0410\u0421\u041b\u0415\u0422 XIAOMI MI BAND 4 (BLUE / \u0421\u0418\u041d\u0418\u0419)",
      "action_flag": 2,
      "change_message": "[{\"changed\": {\"fields\": [\"\\u041a\\u0430\\u0442\\u0435\\u0433\\u043e\\u0440\\u0438\\u044f\"]}}]"
   }
},
{
   "model": "admin.logentry",
   "pk": 69,
   "fields": {
      "action_time": "2020-05-23T10:25:02.775Z",
      "user": 1,
      "content_type": 11,
      "object_id": "2",
      "object_repr": "\u0427\u0430\u0441\u044b \u0436\u0435\u043d\u0441\u043a\u0438\u0435 S333ASM-01LM",
      "action_flag": 2,
      "change_message": "[{\"changed\": {\"fields\": [\"\\u0421\\u043a\\u0438\\u0434\\u043a\\u0430\"]}}]"
   }
},
{
   "model": "admin.logentry",
   "pk": 70,
   "fields": {
      "action_time": "2020-05-23T18:53:20.897Z",
      "user": 1,
      "content_type": 14,
      "object_id": "7",
      "object_repr": "\u0427\u0430\u0441\u044b \u0436\u0435\u043d\u0441\u043a\u0438\u0435 S333ASM-01LM",
      "action_flag": 3,
      "change_message": ""
   }
},
{
   "model": "admin.logentry",
   "pk": 71,
   "fields": {
      "action_time": "2020-05-23T18:53:21.144Z",
      "user": 1,
      "content_type": 14,
      "object_id": "6",
      "object_repr": "\u0427\u0430\u0441\u044b \u0436\u0435\u043d\u0441\u043a\u0438\u0435 S333ASM-01LM",
      "action_flag": 3,
      "change_message": ""
   }
},
{
   "model": "admin.logentry",
   "pk": 72,
   "fields": {
      "action_time": "2020-05-23T18:53:21.251Z",
      "user": 1,
      "content_type": 14,
      "object_id": "5",
      "object_repr": "\u0427\u0430\u0441\u044b \u0436\u0435\u043d\u0441\u043a\u0438\u0435 S333ASM-01LM",
      "action_flag": 3,
      "change_message": ""
   }
},
{
   "model": "admin.logentry",
   "pk": 73,
   "fields": {
      "action_time": "2020-05-23T18:53:21.393Z",
      "user": 1,
      "content_type": 14,
      "object_id": "4",
      "object_repr": "\u0427\u0430\u0441\u044b \u0436\u0435\u043d\u0441\u043a\u0438\u0435 S333ASM-01LM",
      "action_flag": 3,
      "change_message": ""
   }
},
{
   "model": "admin.logentry",
   "pk": 74,
   "fields": {
      "action_time": "2020-05-23T18:53:21.531Z",
      "user": 1,
      "content_type": 14,
      "object_id": "3",
      "object_repr": "\u0427\u0430\u0441\u044b \u0436\u0435\u043d\u0441\u043a\u0438\u0435 S333ASM-01LM",
      "action_flag": 3,
      "change_message": ""
   }
},
{
   "model": "admin.logentry",
   "pk": 75,
   "fields": {
      "action_time": "2020-05-23T18:53:21.772Z",
      "user": 1,
      "content_type": 14,
      "object_id": "2",
      "object_repr": "\u0427\u0430\u0441\u044b \u0436\u0435\u043d\u0441\u043a\u0438\u0435 S333ASM-01LM",
      "action_flag": 3,
      "change_message": ""
   }
},
{
   "model": "admin.logentry",
   "pk": 76,
   "fields": {
      "action_time": "2020-05-23T18:53:22.141Z",
      "user": 1,
      "content_type": 14,
      "object_id": "1",
      "object_repr": "\u0427\u0430\u0441\u044b \u0436\u0435\u043d\u0441\u043a\u0438\u0435 S333ASM-01LM",
      "action_flag": 3,
      "change_message": ""
   }
},
{
   "model": "admin.logentry",
   "pk": 77,
   "fields": {
      "action_time": "2020-05-23T18:56:40.296Z",
      "user": 1,
      "content_type": 14,
      "object_id": "8",
      "object_repr": "\u0427\u0430\u0441\u044b \u0436\u0435\u043d\u0441\u043a\u0438\u0435 S333ASM-01LM",
      "action_flag": 3,
      "change_message": ""
   }
},
{
   "model": "admin.logentry",
   "pk": 78,
   "fields": {
      "action_time": "2020-05-24T06:55:30.252Z",
      "user": 1,
      "content_type": 14,
      "object_id": "11",
      "object_repr": "\u0427\u0430\u0441\u044b \u0436\u0435\u043d\u0441\u043a\u0438\u0435 S333ASM-01LM",
      "action_flag": 3,
      "change_message": ""
   }
},
{
   "model": "admin.logentry",
   "pk": 79,
   "fields": {
      "action_time": "2020-05-24T06:55:30.384Z",
      "user": 1,
      "content_type": 14,
      "object_id": "10",
      "object_repr": "\u0427\u0430\u0441\u044b \u0436\u0435\u043d\u0441\u043a\u0438\u0435 S333ASM-01LM",
      "action_flag": 3,
      "change_message": ""
   }
},
{
   "model": "admin.logentry",
   "pk": 80,
   "fields": {
      "action_time": "2020-05-24T06:55:30.513Z",
      "user": 1,
      "content_type": 14,
      "object_id": "9",
      "object_repr": "\u0427\u0430\u0441\u044b \u0436\u0435\u043d\u0441\u043a\u0438\u0435 S333ASM-01LM",
      "action_flag": 3,
      "change_message": ""
   }
},
{
   "model": "admin.logentry",
   "pk": 81,
   "fields": {
      "action_time": "2020-05-24T07:14:25.728Z",
      "user": 1,
      "content_type": 14,
      "object_id": "13",
      "object_repr": "\u0424\u0418\u0422\u041d\u0415\u0421-\u0411\u0420\u0410\u0421\u041b\u0415\u0422 XIAOMI MI BAND 4 (\u0427\u0415\u0420\u041d\u042b\u0419)",
      "action_flag": 3,
      "change_message": ""
   }
},
{
   "model": "admin.logentry",
   "pk": 82,
   "fields": {
      "action_time": "2020-05-24T07:14:26.222Z",
      "user": 1,
      "content_type": 14,
      "object_id": "12",
      "object_repr": "\u0427\u0430\u0441\u044b \u0436\u0435\u043d\u0441\u043a\u0438\u0435 S333ASM-01LM",
      "action_flag": 3,
      "change_message": ""
   }
},
{
   "model": "admin.logentry",
   "pk": 83,
   "fields": {
      "action_time": "2020-05-24T07:27:53.184Z",
      "user": 1,
      "content_type": 14,
      "object_id": "14",
      "object_repr": "\u0427\u0430\u0441\u044b \u0436\u0435\u043d\u0441\u043a\u0438\u0435 S333ASM-01LM",
      "action_flag": 3,
      "change_message": ""
   }
},
{
   "model": "admin.logentry",
   "pk": 84,
   "fields": {
      "action_time": "2020-05-24T07:37:14.112Z",
      "user": 1,
      "content_type": 14,
      "object_id": "15",
      "object_repr": "\u0427\u0430\u0441\u044b \u0436\u0435\u043d\u0441\u043a\u0438\u0435 S333ASM-01LM",
      "action_flag": 3,
      "change_message": ""
   }
},
{
   "model": "admin.logentry",
   "pk": 85,
   "fields": {
      "action_time": "2020-05-24T17:42:08.436Z",
      "user": 1,
      "content_type": 10,
      "object_id": "4",
      "object_repr": "\u0427\u0430\u0441\u044b \u0436\u0435\u043d\u0441\u043a\u0438\u0435 S333ASM-01LM",
      "action_flag": 3,
      "change_message": ""
   }
},
{
   "model": "admin.logentry",
   "pk": 86,
   "fields": {
      "action_time": "2020-05-24T17:42:09.082Z",
      "user": 1,
      "content_type": 10,
      "object_id": "3",
      "object_repr": "\u0422\u043e\u043f \u0421\u0442\u0438\u043b\u044c \u041c\u043e\u0434\u043d\u044b\u0435 \u0436\u0435\u043d\u0441\u043a\u0438\u0435 \u0447\u0430\u0441\u044b",
      "action_flag": 3,
      "change_message": ""
   }
},
{
   "model": "admin.logentry",
   "pk": 87,
   "fields": {
      "action_time": "2020-05-24T17:42:09.284Z",
      "user": 1,
      "content_type": 10,
      "object_id": "2",
      "object_repr": "\u0422\u043e\u043f \u0421\u0442\u0438\u043b\u044c \u041c\u043e\u0434\u043d\u044b\u0435 \u0436\u0435\u043d\u0441\u043a\u0438\u0435 \u0447\u0430\u0441\u044b",
      "action_flag": 3,
      "change_message": ""
   }
},
{
   "model": "admin.logentry",
   "pk": 88,
   "fields": {
      "action_time": "2020-05-24T17:42:09.598Z",
      "user": 1,
      "content_type": 10,
      "object_id": "1",
      "object_repr": "\u0422\u043e\u043f \u0421\u0442\u0438\u043b\u044c \u041c\u043e\u0434\u043d\u044b\u0435 \u0436\u0435\u043d\u0441\u043a\u0438\u0435 \u0447\u0430\u0441\u044b",
      "action_flag": 3,
      "change_message": ""
   }
},
{
   "model": "admin.logentry",
   "pk": 89,
   "fields": {
      "action_time": "2020-05-24T17:42:14.047Z",
      "user": 1,
      "content_type": 14,
      "object_id": "22",
      "object_repr": "\u0424\u0418\u0422\u041d\u0415\u0421-\u0411\u0420\u0410\u0421\u041b\u0415\u0422 XIAOMI MI BAND 4 (BLUE / \u0421\u0418\u041d\u0418\u0419)",
      "action_flag": 3,
      "change_message": ""
   }
},
{
   "model": "admin.logentry",
   "pk": 90,
   "fields": {
      "action_time": "2020-05-24T17:42:14.552Z",
      "user": 1,
      "content_type": 14,
      "object_id": "21",
      "object_repr": "\u0424\u0418\u0422\u041d\u0415\u0421-\u0411\u0420\u0410\u0421\u041b\u0415\u0422 XIAOMI MI BAND 4 (\u0427\u0415\u0420\u041d\u042b\u0419)",
      "action_flag": 3,
      "change_message": ""
   }
},
{
   "model": "admin.logentry",
   "pk": 91,
   "fields": {
      "action_time": "2020-05-24T17:42:14.695Z",
      "user": 1,
      "content_type": 14,
      "object_id": "20",
      "object_repr": "\u0422\u043e\u043f \u0421\u0442\u0438\u043b\u044c \u041c\u043e\u0434\u043d\u044b\u0435 \u0436\u0435\u043d\u0441\u043a\u0438\u0435 \u0447\u0430\u0441\u044b",
      "action_flag": 3,
      "change_message": ""
   }
},
{
   "model": "admin.logentry",
   "pk": 92,
   "fields": {
      "action_time": "2020-05-24T17:42:14.844Z",
      "user": 1,
      "content_type": 14,
      "object_id": "19",
      "object_repr": "\u0427\u0430\u0441\u044b \u0436\u0435\u043d\u0441\u043a\u0438\u0435 S333ASM-01LM",
      "action_flag": 3,
      "change_message": ""
   }
},
{
   "model": "admin.logentry",
   "pk": 93,
   "fields": {
      "action_time": "2020-05-24T17:42:14.995Z",
      "user": 1,
      "content_type": 14,
      "object_id": "18",
      "object_repr": "\u0424\u0418\u0422\u041d\u0415\u0421-\u0411\u0420\u0410\u0421\u041b\u0415\u0422 XIAOMI MI BAND 4 (BLUE / \u0421\u0418\u041d\u0418\u0419)",
      "action_flag": 3,
      "change_message": ""
   }
},
{
   "model": "admin.logentry",
   "pk": 94,
   "fields": {
      "action_time": "2020-05-24T17:42:15.273Z",
      "user": 1,
      "content_type": 14,
      "object_id": "17",
      "object_repr": "\u0422\u043e\u043f \u0421\u0442\u0438\u043b\u044c \u041c\u043e\u0434\u043d\u044b\u0435 \u0436\u0435\u043d\u0441\u043a\u0438\u0435 \u0447\u0430\u0441\u044b",
      "action_flag": 3,
      "change_message": ""
   }
},
{
   "model": "admin.logentry",
   "pk": 95,
   "fields": {
      "action_time": "2020-05-24T17:42:15.414Z",
      "user": 1,
      "content_type": 14,
      "object_id": "16",
      "object_repr": "\u0427\u0430\u0441\u044b \u0436\u0435\u043d\u0441\u043a\u0438\u0435 S333ASM-01LM",
      "action_flag": 3,
      "change_message": ""
   }
},
{
   "model": "admin.logentry",
   "pk": 96,
   "fields": {
      "action_time": "2020-05-24T17:42:16.697Z",
      "user": 1,
      "content_type": 8,
      "object_id": "3",
      "object_repr": "\u0417\u0430\u043a\u0430\u0437 3 \u041d\u043e\u0432\u044b\u0439",
      "action_flag": 3,
      "change_message": ""
   }
},
{
   "model": "admin.logentry",
   "pk": 97,
   "fields": {
      "action_time": "2020-05-24T17:42:17.106Z",
      "user": 1,
      "content_type": 8,
      "object_id": "2",
      "object_repr": "\u0417\u0430\u043a\u0430\u0437 2 \u041d\u043e\u0432\u044b\u0439",
      "action_flag": 3,
      "change_message": ""
   }
},
{
   "model": "admin.logentry",
   "pk": 98,
   "fields": {
      "action_time": "2020-05-24T17:42:17.232Z",
      "user": 1,
      "content_type": 8,
      "object_id": "1",
      "object_repr": "\u0417\u0430\u043a\u0430\u0437 1 \u041d\u043e\u0432\u044b\u0439",
      "action_flag": 3,
      "change_message": ""
   }
},
{
   "model": "admin.logentry",
   "pk": 99,
   "fields": {
      "action_time": "2020-05-24T18:03:35.186Z",
      "user": 1,
      "content_type": 10,
      "object_id": "6",
      "object_repr": "\u0424\u0418\u0422\u041d\u0415\u0421-\u0411\u0420\u0410\u0421\u041b\u0415\u0422 XIAOMI MI BAND 4 (\u0427\u0415\u0420\u041d\u042b\u0419)",
      "action_flag": 3,
      "change_message": ""
   }
},
{
   "model": "admin.logentry",
   "pk": 100,
   "fields": {
      "action_time": "2020-05-24T18:03:35.297Z",
      "user": 1,
      "content_type": 10,
      "object_id": "5",
      "object_repr": "\u0427\u0430\u0441\u044b \u0436\u0435\u043d\u0441\u043a\u0438\u0435 S333ASM-01LM",
      "action_flag": 3,
      "change_message": ""
   }
},
{
   "model": "admin.logentry",
   "pk": 101,
   "fields": {
      "action_time": "2020-05-24T18:03:37.466Z",
      "user": 1,
      "content_type": 8,
      "object_id": "9",
      "object_repr": "\u0417\u0430\u043a\u0430\u0437 9 \u041d\u043e\u0432\u044b\u0439",
      "action_flag": 3,
      "change_message": ""
   }
},
{
   "model": "admin.logentry",
   "pk": 102,
   "fields": {
      "action_time": "2020-05-24T18:03:37.593Z",
      "user": 1,
      "content_type": 8,
      "object_id": "8",
      "object_repr": "\u0417\u0430\u043a\u0430\u0437 8 \u041d\u043e\u0432\u044b\u0439",
      "action_flag": 3,
      "change_message": ""
   }
},
{
   "model": "admin.logentry",
   "pk": 103,
   "fields": {
      "action_time": "2020-05-24T18:03:37.726Z",
      "user": 1,
      "content_type": 8,
      "object_id": "7",
      "object_repr": "\u0417\u0430\u043a\u0430\u0437 7 \u041d\u043e\u0432\u044b\u0439",
      "action_flag": 3,
      "change_message": ""
   }
},
{
   "model": "admin.logentry",
   "pk": 104,
   "fields": {
      "action_time": "2020-05-24T18:03:37.852Z",
      "user": 1,
      "content_type": 8,
      "object_id": "6",
      "object_repr": "\u0417\u0430\u043a\u0430\u0437 6 \u041d\u043e\u0432\u044b\u0439",
      "action_flag": 3,
      "change_message": ""
   }
},
{
   "model": "admin.logentry",
   "pk": 105,
   "fields": {
      "action_time": "2020-05-24T18:03:37.980Z",
      "user": 1,
      "content_type": 8,
      "object_id": "5",
      "object_repr": "\u0417\u0430\u043a\u0430\u0437 5 \u041d\u043e\u0432\u044b\u0439",
      "action_flag": 3,
      "change_message": ""
   }
},
{
   "model": "admin.logentry",
   "pk": 106,
   "fields": {
      "action_time": "2020-05-24T18:03:38.110Z",
      "user": 1,
      "content_type": 8,
      "object_id": "4",
      "object_repr": "\u0417\u0430\u043a\u0430\u0437 4 \u041d\u043e\u0432\u044b\u0439",
      "action_flag": 3,
      "change_message": ""
   }
},
{
   "model": "admin.logentry",
   "pk": 107,
   "fields": {
      "action_time": "2020-05-24T18:03:39.111Z",
      "user": 1,
      "content_type": 14,
      "object_id": "24",
      "object_repr": "\u0424\u0418\u0422\u041d\u0415\u0421-\u0411\u0420\u0410\u0421\u041b\u0415\u0422 XIAOMI MI BAND 4 (\u0427\u0415\u0420\u041d\u042b\u0419)",
      "action_flag": 3,
      "change_message": ""
   }
},
{
   "model": "admin.logentry",
   "pk": 108,
   "fields": {
      "action_time": "2020-05-24T18:03:39.234Z",
      "user": 1,
      "content_type": 14,
      "object_id": "23",
      "object_repr": "\u0427\u0430\u0441\u044b \u0436\u0435\u043d\u0441\u043a\u0438\u0435 S333ASM-01LM",
      "action_flag": 3,
      "change_message": ""
   }
},
{
   "model": "admin.logentry",
   "pk": 109,
   "fields": {
      "action_time": "2020-05-24T18:15:56.659Z",
      "user": 1,
      "content_type": 8,
      "object_id": "10",
      "object_repr": "\u0417\u0430\u043a\u0430\u0437 10 \u041d\u043e\u0432\u044b\u0439",
      "action_flag": 3,
      "change_message": ""
   }
},
{
   "model": "admin.logentry",
   "pk": 110,
   "fields": {
      "action_time": "2020-05-24T18:17:31.642Z",
      "user": 1,
      "content_type": 8,
      "object_id": "11",
      "object_repr": "\u0417\u0430\u043a\u0430\u0437 11 \u041d\u043e\u0432\u044b\u0439",
      "action_flag": 3,
      "change_message": ""
   }
},
{
   "model": "admin.logentry",
   "pk": 111,
   "fields": {
      "action_time": "2020-05-24T18:17:48.372Z",
      "user": 1,
      "content_type": 14,
      "object_id": "26",
      "object_repr": "\u0424\u0418\u0422\u041d\u0415\u0421-\u0411\u0420\u0410\u0421\u041b\u0415\u0422 XIAOMI MI BAND 4 (\u0427\u0415\u0420\u041d\u042b\u0419)",
      "action_flag": 2,
      "change_message": "[{\"changed\": {\"fields\": [\"\\u0418\\u0441\\u043f\\u043e\\u043b\\u044c\\u0437\\u0443\\u0435\\u0442\\u0441\\u044f\"]}}]"
   }
},
{
   "model": "admin.logentry",
   "pk": 112,
   "fields": {
      "action_time": "2020-05-24T18:17:52.961Z",
      "user": 1,
      "content_type": 14,
      "object_id": "25",
      "object_repr": "\u0427\u0430\u0441\u044b \u0436\u0435\u043d\u0441\u043a\u0438\u0435 S333ASM-01LM",
      "action_flag": 2,
      "change_message": "[{\"changed\": {\"fields\": [\"\\u0418\\u0441\\u043f\\u043e\\u043b\\u044c\\u0437\\u0443\\u0435\\u0442\\u0441\\u044f\"]}}]"
   }
}
]
